<Ticker>,<DTYYYYMMDD>,<OpenFixed>,<HighFixed>,<LowFixed>,<CloseFixed>,<Volume>,<Open>,<High>,<Low>,<Close>,<VolumeDeal>,<VolumeFB>,<VolumeFS>
VGP,20100131.0,4.235,4.235,3.99,3.99,0.0,0.0,0.0,0.0,0.0,0.0,0.0,0.0
VGP,20100132.0,6.3525,4.235,3.99,3.99,0.0,0.0,0.0,0.0,0.0,0.0,0.0,0.0
VGP,20100133.0,7.41125,4.235,3.99,3.99,0.0,0.0,0.0,0.0,0.0,0.0,0.0,0.0
VGP,20100134.0,7.940625,4.235,3.99,3.99,0.0,0.0,0.0,0.0,0.0,0.0,0.0,0.0
VGP,20100135.0,8.2053125,4.235,3.99,3.99,0.0,0.0,0.0,0.0,0.0,0.0,0.0,0.0
VGP,20100136.0,8.33765625,4.235,3.99,3.99,0.0,0.0,0.0,0.0,0.0,0.0,0.0,0.0
VGP,20100137.0,8.403828125,4.235,3.99,3.99,0.0,0.0,0.0,0.0,0.0,0.0,0.0,0.0
VGP,20100138.0,8.4369140625,4.235,3.99,3.99,0.0,0.0,0.0,0.0,0.0,0.0,0.0,0.0
VGP,20100139.0,8.45345703125,4.235,3.99,3.99,0.0,0.0,0.0,0.0,0.0,0.0,0.0,0.0
VGP,20100140.0,8.46172851563,4.235,3.99,3.99,0.0,0.0,0.0,0.0,0.0,0.0,0.0,0.0
VGP,20100141.0,8.46586425781,4.235,3.99,3.99,0.0,0.0,0.0,0.0,0.0,0.0,0.0,0.0
VGP,20100142.0,8.46793212891,4.235,3.99,3.99,0.0,0.0,0.0,0.0,0.0,0.0,0.0,0.0
VGP,20100143.0,8.46896606445,4.235,3.99,3.99,0.0,0.0,0.0,0.0,0.0,0.0,0.0,0.0
VGP,20100144.0,8.46948303223,4.235,3.99,3.99,0.0,0.0,0.0,0.0,0.0,0.0,0.0,0.0
VGP,20100145.0,8.46974151611,4.235,3.99,3.99,0.0,0.0,0.0,0.0,0.0,0.0,0.0,0.0
VGP,20100146.0,8.46987075806,4.235,3.99,3.99,0.0,0.0,0.0,0.0,0.0,0.0,0.0,0.0
VGP,20100147.0,8.46993537903,4.235,3.99,3.99,0.0,0.0,0.0,0.0,0.0,0.0,0.0,0.0
VGP,20100148.0,8.46996768951,4.235,3.99,3.99,0.0,0.0,0.0,0.0,0.0,0.0,0.0,0.0
VGP,20100149.0,8.46998384476,4.235,3.99,3.99,0.0,0.0,0.0,0.0,0.0,0.0,0.0,0.0
VGP,20100150.0,8.46999192238,4.235,3.99,3.99,0.0,0.0,0.0,0.0,0.0,0.0,0.0,0.0
VGP,20100151.0,8.46999596119,4.235,3.99,3.99,0.0,0.0,0.0,0.0,0.0,0.0,0.0,0.0
VGP,20100152.0,8.46999798059,4.235,3.99,3.99,0.0,0.0,0.0,0.0,0.0,0.0,0.0,0.0
VGP,20100153.0,8.4699989903,4.235,3.99,3.99,0.0,0.0,0.0,0.0,0.0,0.0,0.0,0.0
VGP,20100154.0,8.46999949515,4.235,3.99,3.99,0.0,0.0,0.0,0.0,0.0,0.0,0.0,0.0
VGP,20100155.0,8.46999974757,4.235,3.99,3.99,0.0,0.0,0.0,0.0,0.0,0.0,0.0,0.0
VGP,20100156.0,8.46999987379,4.235,3.99,3.99,0.0,0.0,0.0,0.0,0.0,0.0,0.0,0.0
VGP,20100157.0,8.46999993689,4.235,3.99,3.99,0.0,0.0,0.0,0.0,0.0,0.0,0.0,0.0
VGP,20100158.0,8.46999996845,4.235,3.99,3.99,0.0,0.0,0.0,0.0,0.0,0.0,0.0,0.0
VGP,20100159.0,8.46999998422,4.235,3.99,3.99,0.0,0.0,0.0,0.0,0.0,0.0,0.0,0.0
VGP,20100160.0,8.46999999211,4.235,3.99,3.99,0.0,0.0,0.0,0.0,0.0,0.0,0.0,0.0
VGP,20100161.0,8.46999999606,4.235,3.99,3.99,0.0,0.0,0.0,0.0,0.0,0.0,0.0,0.0
VGP,20100162.0,8.46999999803,4.235,3.99,3.99,0.0,0.0,0.0,0.0,0.0,0.0,0.0,0.0
VGP,20100163.0,8.46999999901,4.235,3.99,3.99,0.0,0.0,0.0,0.0,0.0,0.0,0.0,0.0
VGP,20100164.0,8.46999999951,4.235,3.99,3.99,0.0,0.0,0.0,0.0,0.0,0.0,0.0,0.0
VGP,20100165.0,8.46999999975,4.235,3.99,3.99,0.0,0.0,0.0,0.0,0.0,0.0,0.0,0.0
VGP,20100166.0,8.46999999988,4.235,3.99,3.99,0.0,0.0,0.0,0.0,0.0,0.0,0.0,0.0
VGP,20100167.0,8.46999999994,4.235,3.99,3.99,0.0,0.0,0.0,0.0,0.0,0.0,0.0,0.0
VGP,20100168.0,8.46999999997,4.235,3.99,3.99,0.0,0.0,0.0,0.0,0.0,0.0,0.0,0.0
VGP,20100169.0,8.46999999998,4.235,3.99,3.99,0.0,0.0,0.0,0.0,0.0,0.0,0.0,0.0
VGP,20100170.0,8.46999999999,4.235,3.99,3.99,0.0,0.0,0.0,0.0,0.0,0.0,0.0,0.0
VGP,20100171.0,8.47,4.235,3.99,3.99,0.0,0.0,0.0,0.0,0.0,0.0,0.0,0.0
VGP,20100172.0,8.47,4.235,3.99,3.99,0.0,0.0,0.0,0.0,0.0,0.0,0.0,0.0
VGP,20100173.0,8.47,4.235,3.99,3.99,0.0,0.0,0.0,0.0,0.0,0.0,0.0,0.0
VGP,20100174.0,8.47,4.235,3.99,3.99,0.0,0.0,0.0,0.0,0.0,0.0,0.0,0.0
VGP,20100175.0,8.47,4.235,3.99,3.99,0.0,0.0,0.0,0.0,0.0,0.0,0.0,0.0
VGP,20100176.0,8.47,4.235,3.99,3.99,0.0,0.0,0.0,0.0,0.0,0.0,0.0,0.0
VGP,20100177.0,8.47,4.235,3.99,3.99,0.0,0.0,0.0,0.0,0.0,0.0,0.0,0.0
VGP,20100178.0,8.47,4.235,3.99,3.99,0.0,0.0,0.0,0.0,0.0,0.0,0.0,0.0
VGP,20100179.0,8.47,4.235,3.99,3.99,0.0,0.0,0.0,0.0,0.0,0.0,0.0,0.0
VGP,20100180.0,8.47,4.235,3.99,3.99,0.0,0.0,0.0,0.0,0.0,0.0,0.0,0.0
VGP,20100181.0,8.47,4.235,3.99,3.99,0.0,0.0,0.0,0.0,0.0,0.0,0.0,0.0
VGP,20100182.0,8.47,4.235,3.99,3.99,0.0,0.0,0.0,0.0,0.0,0.0,0.0,0.0
VGP,20100183.0,8.47,4.235,3.99,3.99,0.0,0.0,0.0,0.0,0.0,0.0,0.0,0.0
VGP,20100184.0,8.47,4.235,3.99,3.99,0.0,0.0,0.0,0.0,0.0,0.0,0.0,0.0
VGP,20100185.0,8.47,4.235,3.99,3.99,0.0,0.0,0.0,0.0,0.0,0.0,0.0,0.0
VGP,20100186.0,8.47,4.235,3.99,3.99,0.0,0.0,0.0,0.0,0.0,0.0,0.0,0.0
VGP,20100187.0,8.47,4.235,3.99,3.99,0.0,0.0,0.0,0.0,0.0,0.0,0.0,0.0
VGP,20100188.0,8.47,4.235,3.99,3.99,0.0,0.0,0.0,0.0,0.0,0.0,0.0,0.0
VGP,20100189.0,8.47,4.235,3.99,3.99,0.0,0.0,0.0,0.0,0.0,0.0,0.0,0.0
VGP,20100190.0,8.47,4.235,3.99,3.99,0.0,0.0,0.0,0.0,0.0,0.0,0.0,0.0
VGP,20100191.0,8.47,4.235,3.99,3.99,0.0,0.0,0.0,0.0,0.0,0.0,0.0,0.0
VGP,20100192.0,8.47,4.235,3.99,3.99,0.0,0.0,0.0,0.0,0.0,0.0,0.0,0.0
VGP,20100193.0,8.47,4.235,3.99,3.99,0.0,0.0,0.0,0.0,0.0,0.0,0.0,0.0
VGP,20100194.0,8.47,4.235,3.99,3.99,0.0,0.0,0.0,0.0,0.0,0.0,0.0,0.0
VGP,20100195.0,8.47,4.235,3.99,3.99,0.0,0.0,0.0,0.0,0.0,0.0,0.0,0.0
VGP,20100196.0,8.47,4.235,3.99,3.99,0.0,0.0,0.0,0.0,0.0,0.0,0.0,0.0
VGP,20100197.0,8.47,4.235,3.99,3.99,0.0,0.0,0.0,0.0,0.0,0.0,0.0,0.0
VGP,20100198.0,8.47,4.235,3.99,3.99,0.0,0.0,0.0,0.0,0.0,0.0,0.0,0.0
VGP,20100199.0,8.47,4.235,3.99,3.99,0.0,0.0,0.0,0.0,0.0,0.0,0.0,0.0
VGP,20100200.0,8.47,4.235,3.99,3.99,0.0,0.0,0.0,0.0,0.0,0.0,0.0,0.0
VGP,20100201.0,8.47,8.47,7.98,7.98,0.0,0.0,0.0,0.0,0.0,0.0,0.0,0.0
VGP,20100202.0,8.33,8.33,7.77,7.77,0.0,0.0,0.0,0.0,0.0,0.0,0.0,0.0
VGP,20100203.0,7.91,7.91,7.87,7.91,0.0,0.0,0.0,0.0,0.0,0.0,0.0,0.0
VGP,20100204.0,7.98,8.22,7.98,8.22,0.0,0.0,0.0,0.0,0.0,0.0,0.0,0.0
VGP,20100205.0,8.29,8.29,8.19,8.19,0.0,0.0,0.0,0.0,0.0,0.0,0.0,0.0
VGP,20100206.0,8.135,4.01,3.99,3.99,0.0,0.0,0.0,0.0,0.0,0.0,0.0,0.0
VGP,20100207.0,8.0575,4.01,3.99,3.99,0.0,0.0,0.0,0.0,0.0,0.0,0.0,0.0
VGP,20100208.0,7.98,8.02,7.98,7.98,0.0,0.0,0.0,0.0,0.0,0.0,0.0,0.0
VGP,20100209.0,7.88,7.88,7.81,7.81,0.0,0.0,0.0,0.0,0.0,0.0,0.0,0.0
VGP,20100210.0,7.98,7.98,7.84,7.91,0.0,0.0,0.0,0.0,0.0,0.0,0.0,0.0
VGP,20100211.0,8.15,8.33,8.15,8.29,0.0,0.0,0.0,0.0,0.0,0.0,0.0,0.0
VGP,20100212.0,8.29,8.29,8.29,8.29,0.0,0.0,0.0,0.0,0.0,0.0,0.0,0.0
VGP,20100213.0,8.445,4.3,4.3,4.305,0.0,0.0,0.0,0.0,0.0,0.0,0.0,0.0
VGP,20100214.0,8.5225,4.3,4.3,4.305,0.0,0.0,0.0,0.0,0.0,0.0,0.0,0.0
VGP,20100215.0,8.56125,4.3,4.3,4.305,0.0,0.0,0.0,0.0,0.0,0.0,0.0,0.0
VGP,20100216.0,8.580625,4.3,4.3,4.305,0.0,0.0,0.0,0.0,0.0,0.0,0.0,0.0
VGP,20100217.0,8.5903125,4.3,4.3,4.305,0.0,0.0,0.0,0.0,0.0,0.0,0.0,0.0
VGP,20100218.0,8.59515625,4.3,4.3,4.305,0.0,0.0,0.0,0.0,0.0,0.0,0.0,0.0
VGP,20100219.0,8.597578125,4.3,4.3,4.305,0.0,0.0,0.0,0.0,0.0,0.0,0.0,0.0
VGP,20100220.0,8.5987890625,4.3,4.3,4.305,0.0,0.0,0.0,0.0,0.0,0.0,0.0,0.0
VGP,20100221.0,8.59939453125,4.3,4.3,4.305,0.0,0.0,0.0,0.0,0.0,0.0,0.0,0.0
VGP,20100222.0,8.6,8.6,8.6,8.61,0.0,0.0,0.0,0.0,0.0,0.0,0.0,0.0
VGP,20100223.0,8.465,4.305,4.165,4.305,0.0,0.0,0.0,0.0,0.0,0.0,0.0,0.0
VGP,20100224.0,8.33,8.61,8.33,8.61,0.0,0.0,0.0,0.0,0.0,0.0,0.0,0.0
VGP,20100225.0,8.23,8.23,8.02,8.16,0.0,0.0,0.0,0.0,0.0,0.0,0.0,0.0
VGP,20100226.0,8.19,8.19,8.19,8.19,0.0,0.0,0.0,0.0,0.0,0.0,0.0,0.0
VGP,20100227.0,8.205,4.165,4.11,4.13,0.0,0.0,0.0,0.0,0.0,0.0,0.0,0.0
VGP,20100228.0,8.2125,4.165,4.11,4.13,0.0,0.0,0.0,0.0,0.0,0.0,0.0,0.0
VGP,20100229.0,8.21625,4.165,4.11,4.13,0.0,0.0,0.0,0.0,0.0,0.0,0.0,0.0
VGP,20100230.0,8.218125,4.165,4.11,4.13,0.0,0.0,0.0,0.0,0.0,0.0,0.0,0.0
VGP,20100231.0,8.2190625,4.165,4.11,4.13,0.0,0.0,0.0,0.0,0.0,0.0,0.0,0.0
VGP,20100232.0,8.21953125,4.165,4.11,4.13,0.0,0.0,0.0,0.0,0.0,0.0,0.0,0.0
VGP,20100233.0,8.219765625,4.165,4.11,4.13,0.0,0.0,0.0,0.0,0.0,0.0,0.0,0.0
VGP,20100234.0,8.2198828125,4.165,4.11,4.13,0.0,0.0,0.0,0.0,0.0,0.0,0.0,0.0
VGP,20100235.0,8.21994140625,4.165,4.11,4.13,0.0,0.0,0.0,0.0,0.0,0.0,0.0,0.0
VGP,20100236.0,8.21997070312,4.165,4.11,4.13,0.0,0.0,0.0,0.0,0.0,0.0,0.0,0.0
VGP,20100237.0,8.21998535156,4.165,4.11,4.13,0.0,0.0,0.0,0.0,0.0,0.0,0.0,0.0
VGP,20100238.0,8.21999267578,4.165,4.11,4.13,0.0,0.0,0.0,0.0,0.0,0.0,0.0,0.0
VGP,20100239.0,8.21999633789,4.165,4.11,4.13,0.0,0.0,0.0,0.0,0.0,0.0,0.0,0.0
VGP,20100240.0,8.21999816895,4.165,4.11,4.13,0.0,0.0,0.0,0.0,0.0,0.0,0.0,0.0
VGP,20100241.0,8.21999908447,4.165,4.11,4.13,0.0,0.0,0.0,0.0,0.0,0.0,0.0,0.0
VGP,20100242.0,8.21999954224,4.165,4.11,4.13,0.0,0.0,0.0,0.0,0.0,0.0,0.0,0.0
VGP,20100243.0,8.21999977112,4.165,4.11,4.13,0.0,0.0,0.0,0.0,0.0,0.0,0.0,0.0
VGP,20100244.0,8.21999988556,4.165,4.11,4.13,0.0,0.0,0.0,0.0,0.0,0.0,0.0,0.0
VGP,20100245.0,8.21999994278,4.165,4.11,4.13,0.0,0.0,0.0,0.0,0.0,0.0,0.0,0.0
VGP,20100246.0,8.21999997139,4.165,4.11,4.13,0.0,0.0,0.0,0.0,0.0,0.0,0.0,0.0
VGP,20100247.0,8.21999998569,4.165,4.11,4.13,0.0,0.0,0.0,0.0,0.0,0.0,0.0,0.0
VGP,20100248.0,8.21999999285,4.165,4.11,4.13,0.0,0.0,0.0,0.0,0.0,0.0,0.0,0.0
VGP,20100249.0,8.21999999642,4.165,4.11,4.13,0.0,0.0,0.0,0.0,0.0,0.0,0.0,0.0
VGP,20100250.0,8.21999999821,4.165,4.11,4.13,0.0,0.0,0.0,0.0,0.0,0.0,0.0,0.0
VGP,20100251.0,8.21999999911,4.165,4.11,4.13,0.0,0.0,0.0,0.0,0.0,0.0,0.0,0.0
VGP,20100252.0,8.21999999955,4.165,4.11,4.13,0.0,0.0,0.0,0.0,0.0,0.0,0.0,0.0
VGP,20100253.0,8.21999999978,4.165,4.11,4.13,0.0,0.0,0.0,0.0,0.0,0.0,0.0,0.0
VGP,20100254.0,8.21999999989,4.165,4.11,4.13,0.0,0.0,0.0,0.0,0.0,0.0,0.0,0.0
VGP,20100255.0,8.21999999994,4.165,4.11,4.13,0.0,0.0,0.0,0.0,0.0,0.0,0.0,0.0
VGP,20100256.0,8.21999999997,4.165,4.11,4.13,0.0,0.0,0.0,0.0,0.0,0.0,0.0,0.0
VGP,20100257.0,8.21999999999,4.165,4.11,4.13,0.0,0.0,0.0,0.0,0.0,0.0,0.0,0.0
VGP,20100258.0,8.21999999999,4.165,4.11,4.13,0.0,0.0,0.0,0.0,0.0,0.0,0.0,0.0
VGP,20100259.0,8.22,4.165,4.11,4.13,0.0,0.0,0.0,0.0,0.0,0.0,0.0,0.0
VGP,20100260.0,8.22,4.165,4.11,4.13,0.0,0.0,0.0,0.0,0.0,0.0,0.0,0.0
VGP,20100261.0,8.22,4.165,4.11,4.13,0.0,0.0,0.0,0.0,0.0,0.0,0.0,0.0
VGP,20100262.0,8.22,4.165,4.11,4.13,0.0,0.0,0.0,0.0,0.0,0.0,0.0,0.0
VGP,20100263.0,8.22,4.165,4.11,4.13,0.0,0.0,0.0,0.0,0.0,0.0,0.0,0.0
VGP,20100264.0,8.22,4.165,4.11,4.13,0.0,0.0,0.0,0.0,0.0,0.0,0.0,0.0
VGP,20100265.0,8.22,4.165,4.11,4.13,0.0,0.0,0.0,0.0,0.0,0.0,0.0,0.0
VGP,20100266.0,8.22,4.165,4.11,4.13,0.0,0.0,0.0,0.0,0.0,0.0,0.0,0.0
VGP,20100267.0,8.22,4.165,4.11,4.13,0.0,0.0,0.0,0.0,0.0,0.0,0.0,0.0
VGP,20100268.0,8.22,4.165,4.11,4.13,0.0,0.0,0.0,0.0,0.0,0.0,0.0,0.0
VGP,20100269.0,8.22,4.165,4.11,4.13,0.0,0.0,0.0,0.0,0.0,0.0,0.0,0.0
VGP,20100270.0,8.22,4.165,4.11,4.13,0.0,0.0,0.0,0.0,0.0,0.0,0.0,0.0
VGP,20100271.0,8.22,4.165,4.11,4.13,0.0,0.0,0.0,0.0,0.0,0.0,0.0,0.0
VGP,20100272.0,8.22,4.165,4.11,4.13,0.0,0.0,0.0,0.0,0.0,0.0,0.0,0.0
VGP,20100273.0,8.22,4.165,4.11,4.13,0.0,0.0,0.0,0.0,0.0,0.0,0.0,0.0
VGP,20100274.0,8.22,4.165,4.11,4.13,0.0,0.0,0.0,0.0,0.0,0.0,0.0,0.0
VGP,20100275.0,8.22,4.165,4.11,4.13,0.0,0.0,0.0,0.0,0.0,0.0,0.0,0.0
VGP,20100276.0,8.22,4.165,4.11,4.13,0.0,0.0,0.0,0.0,0.0,0.0,0.0,0.0
VGP,20100277.0,8.22,4.165,4.11,4.13,0.0,0.0,0.0,0.0,0.0,0.0,0.0,0.0
VGP,20100278.0,8.22,4.165,4.11,4.13,0.0,0.0,0.0,0.0,0.0,0.0,0.0,0.0
VGP,20100279.0,8.22,4.165,4.11,4.13,0.0,0.0,0.0,0.0,0.0,0.0,0.0,0.0
VGP,20100280.0,8.22,4.165,4.11,4.13,0.0,0.0,0.0,0.0,0.0,0.0,0.0,0.0
VGP,20100281.0,8.22,4.165,4.11,4.13,0.0,0.0,0.0,0.0,0.0,0.0,0.0,0.0
VGP,20100282.0,8.22,4.165,4.11,4.13,0.0,0.0,0.0,0.0,0.0,0.0,0.0,0.0
VGP,20100283.0,8.22,4.165,4.11,4.13,0.0,0.0,0.0,0.0,0.0,0.0,0.0,0.0
VGP,20100284.0,8.22,4.165,4.11,4.13,0.0,0.0,0.0,0.0,0.0,0.0,0.0,0.0
VGP,20100285.0,8.22,4.165,4.11,4.13,0.0,0.0,0.0,0.0,0.0,0.0,0.0,0.0
VGP,20100286.0,8.22,4.165,4.11,4.13,0.0,0.0,0.0,0.0,0.0,0.0,0.0,0.0
VGP,20100287.0,8.22,4.165,4.11,4.13,0.0,0.0,0.0,0.0,0.0,0.0,0.0,0.0
VGP,20100288.0,8.22,4.165,4.11,4.13,0.0,0.0,0.0,0.0,0.0,0.0,0.0,0.0
VGP,20100289.0,8.22,4.165,4.11,4.13,0.0,0.0,0.0,0.0,0.0,0.0,0.0,0.0
VGP,20100290.0,8.22,4.165,4.11,4.13,0.0,0.0,0.0,0.0,0.0,0.0,0.0,0.0
VGP,20100291.0,8.22,4.165,4.11,4.13,0.0,0.0,0.0,0.0,0.0,0.0,0.0,0.0
VGP,20100292.0,8.22,4.165,4.11,4.13,0.0,0.0,0.0,0.0,0.0,0.0,0.0,0.0
VGP,20100293.0,8.22,4.165,4.11,4.13,0.0,0.0,0.0,0.0,0.0,0.0,0.0,0.0
VGP,20100294.0,8.22,4.165,4.11,4.13,0.0,0.0,0.0,0.0,0.0,0.0,0.0,0.0
VGP,20100295.0,8.22,4.165,4.11,4.13,0.0,0.0,0.0,0.0,0.0,0.0,0.0,0.0
VGP,20100296.0,8.22,4.165,4.11,4.13,0.0,0.0,0.0,0.0,0.0,0.0,0.0,0.0
VGP,20100297.0,8.22,4.165,4.11,4.13,0.0,0.0,0.0,0.0,0.0,0.0,0.0,0.0
VGP,20100298.0,8.22,4.165,4.11,4.13,0.0,0.0,0.0,0.0,0.0,0.0,0.0,0.0
VGP,20100299.0,8.22,4.165,4.11,4.13,0.0,0.0,0.0,0.0,0.0,0.0,0.0,0.0
VGP,20100300.0,8.22,4.165,4.11,4.13,0.0,0.0,0.0,0.0,0.0,0.0,0.0,0.0
VGP,20100301.0,8.22,8.33,8.22,8.26,0.0,0.0,0.0,0.0,0.0,0.0,0.0,0.0
VGP,20100302.0,8.29,8.29,8.26,8.29,0.0,0.0,0.0,0.0,0.0,0.0,0.0,0.0
VGP,20100303.0,8.32,8.32,8.08,8.09,0.0,0.0,0.0,0.0,0.0,0.0,0.0,0.0
VGP,20100304.0,8.54,8.54,8.02,8.02,0.0,0.0,0.0,0.0,0.0,0.0,0.0,0.0
VGP,20100305.0,8.16,8.33,8.16,8.33,0.0,0.0,0.0,0.0,0.0,0.0,0.0,0.0
VGP,20100306.0,8.245,4.165,4.165,4.165,0.0,0.0,0.0,0.0,0.0,0.0,0.0,0.0
VGP,20100307.0,8.2875,4.165,4.165,4.165,0.0,0.0,0.0,0.0,0.0,0.0,0.0,0.0
VGP,20100308.0,8.33,8.33,8.33,8.33,0.0,0.0,0.0,0.0,0.0,0.0,0.0,0.0
VGP,20100309.0,8.33,8.5,8.33,8.5,0.0,0.0,0.0,0.0,0.0,0.0,0.0,0.0
VGP,20100310.0,8.33,8.36,8.33,8.33,0.0,0.0,0.0,0.0,0.0,0.0,0.0,0.0
VGP,20100311.0,8.36,8.36,8.16,8.16,0.0,0.0,0.0,0.0,0.0,0.0,0.0,0.0
VGP,20100312.0,8.09,8.4,8.09,8.4,0.0,0.0,0.0,0.0,0.0,0.0,0.0,0.0
VGP,20100313.0,8.23,4.34,4.185,4.25,0.0,0.0,0.0,0.0,0.0,0.0,0.0,0.0
VGP,20100314.0,8.3,4.34,4.185,4.25,0.0,0.0,0.0,0.0,0.0,0.0,0.0,0.0
VGP,20100315.0,8.37,8.68,8.37,8.5,0.0,0.0,0.0,0.0,0.0,0.0,0.0,0.0
VGP,20100316.0,8.36,8.47,8.29,8.29,0.0,0.0,0.0,0.0,0.0,0.0,0.0,0.0
VGP,20100317.0,8.32,8.32,8.19,8.19,0.0,0.0,0.0,0.0,0.0,0.0,0.0,0.0
VGP,20100318.0,8.29,8.43,7.91,8.43,0.0,0.0,0.0,0.0,0.0,0.0,0.0,0.0
VGP,20100319.0,8.33,8.33,8.26,8.26,0.0,0.0,0.0,0.0,0.0,0.0,0.0,0.0
VGP,20100320.0,8.31,4.425,4.145,4.425,0.0,0.0,0.0,0.0,0.0,0.0,0.0,0.0
VGP,20100321.0,8.3,4.425,4.145,4.425,0.0,0.0,0.0,0.0,0.0,0.0,0.0,0.0
VGP,20100322.0,8.29,8.85,8.29,8.85,0.0,0.0,0.0,0.0,0.0,0.0,0.0,0.0
VGP,20100323.0,8.85,9.06,8.85,9.06,0.0,0.0,0.0,0.0,0.0,0.0,0.0,0.0
VGP,20100324.0,9.3,9.3,8.47,8.85,0.0,0.0,0.0,0.0,0.0,0.0,0.0,0.0
VGP,20100325.0,8.4,8.68,8.16,8.43,0.0,0.0,0.0,0.0,0.0,0.0,0.0,0.0
VGP,20100326.0,8.33,8.5,8.29,8.29,0.0,0.0,0.0,0.0,0.0,0.0,0.0,0.0
VGP,20100327.0,8.345,4.25,3.99,3.99,0.0,0.0,0.0,0.0,0.0,0.0,0.0,0.0
VGP,20100328.0,8.3525,4.25,3.99,3.99,0.0,0.0,0.0,0.0,0.0,0.0,0.0,0.0
VGP,20100329.0,8.36,8.5,7.98,7.98,0.0,0.0,0.0,0.0,0.0,0.0,0.0,0.0
VGP,20100330.0,7.98,8.78,7.98,8.68,0.0,0.0,0.0,0.0,0.0,0.0,0.0,0.0
VGP,20100331.0,8.51,8.51,8.23,8.22,0.0,0.0,0.0,0.0,0.0,0.0,0.0,0.0
VGP,20100332.0,8.365,4.335,4.11,4.25,0.0,0.0,0.0,0.0,0.0,0.0,0.0,0.0
VGP,20100333.0,8.2925,4.335,4.11,4.25,0.0,0.0,0.0,0.0,0.0,0.0,0.0,0.0
VGP,20100334.0,8.25625,4.335,4.11,4.25,0.0,0.0,0.0,0.0,0.0,0.0,0.0,0.0
VGP,20100335.0,8.238125,4.335,4.11,4.25,0.0,0.0,0.0,0.0,0.0,0.0,0.0,0.0
VGP,20100336.0,8.2290625,4.335,4.11,4.25,0.0,0.0,0.0,0.0,0.0,0.0,0.0,0.0
VGP,20100337.0,8.22453125,4.335,4.11,4.25,0.0,0.0,0.0,0.0,0.0,0.0,0.0,0.0
VGP,20100338.0,8.222265625,4.335,4.11,4.25,0.0,0.0,0.0,0.0,0.0,0.0,0.0,0.0
VGP,20100339.0,8.2211328125,4.335,4.11,4.25,0.0,0.0,0.0,0.0,0.0,0.0,0.0,0.0
VGP,20100340.0,8.22056640625,4.335,4.11,4.25,0.0,0.0,0.0,0.0,0.0,0.0,0.0,0.0
VGP,20100341.0,8.22028320312,4.335,4.11,4.25,0.0,0.0,0.0,0.0,0.0,0.0,0.0,0.0
VGP,20100342.0,8.22014160156,4.335,4.11,4.25,0.0,0.0,0.0,0.0,0.0,0.0,0.0,0.0
VGP,20100343.0,8.22007080078,4.335,4.11,4.25,0.0,0.0,0.0,0.0,0.0,0.0,0.0,0.0
VGP,20100344.0,8.22003540039,4.335,4.11,4.25,0.0,0.0,0.0,0.0,0.0,0.0,0.0,0.0
VGP,20100345.0,8.2200177002,4.335,4.11,4.25,0.0,0.0,0.0,0.0,0.0,0.0,0.0,0.0
VGP,20100346.0,8.2200088501,4.335,4.11,4.25,0.0,0.0,0.0,0.0,0.0,0.0,0.0,0.0
VGP,20100347.0,8.22000442505,4.335,4.11,4.25,0.0,0.0,0.0,0.0,0.0,0.0,0.0,0.0
VGP,20100348.0,8.22000221252,4.335,4.11,4.25,0.0,0.0,0.0,0.0,0.0,0.0,0.0,0.0
VGP,20100349.0,8.22000110626,4.335,4.11,4.25,0.0,0.0,0.0,0.0,0.0,0.0,0.0,0.0
VGP,20100350.0,8.22000055313,4.335,4.11,4.25,0.0,0.0,0.0,0.0,0.0,0.0,0.0,0.0
VGP,20100351.0,8.22000027657,4.335,4.11,4.25,0.0,0.0,0.0,0.0,0.0,0.0,0.0,0.0
VGP,20100352.0,8.22000013828,4.335,4.11,4.25,0.0,0.0,0.0,0.0,0.0,0.0,0.0,0.0
VGP,20100353.0,8.22000006914,4.335,4.11,4.25,0.0,0.0,0.0,0.0,0.0,0.0,0.0,0.0
VGP,20100354.0,8.22000003457,4.335,4.11,4.25,0.0,0.0,0.0,0.0,0.0,0.0,0.0,0.0
VGP,20100355.0,8.22000001729,4.335,4.11,4.25,0.0,0.0,0.0,0.0,0.0,0.0,0.0,0.0
VGP,20100356.0,8.22000000864,4.335,4.11,4.25,0.0,0.0,0.0,0.0,0.0,0.0,0.0,0.0
VGP,20100357.0,8.22000000432,4.335,4.11,4.25,0.0,0.0,0.0,0.0,0.0,0.0,0.0,0.0
VGP,20100358.0,8.22000000216,4.335,4.11,4.25,0.0,0.0,0.0,0.0,0.0,0.0,0.0,0.0
VGP,20100359.0,8.22000000108,4.335,4.11,4.25,0.0,0.0,0.0,0.0,0.0,0.0,0.0,0.0
VGP,20100360.0,8.22000000054,4.335,4.11,4.25,0.0,0.0,0.0,0.0,0.0,0.0,0.0,0.0
VGP,20100361.0,8.22000000027,4.335,4.11,4.25,0.0,0.0,0.0,0.0,0.0,0.0,0.0,0.0
VGP,20100362.0,8.22000000014,4.335,4.11,4.25,0.0,0.0,0.0,0.0,0.0,0.0,0.0,0.0
VGP,20100363.0,8.22000000007,4.335,4.11,4.25,0.0,0.0,0.0,0.0,0.0,0.0,0.0,0.0
VGP,20100364.0,8.22000000003,4.335,4.11,4.25,0.0,0.0,0.0,0.0,0.0,0.0,0.0,0.0
VGP,20100365.0,8.22000000002,4.335,4.11,4.25,0.0,0.0,0.0,0.0,0.0,0.0,0.0,0.0
VGP,20100366.0,8.22000000001,4.335,4.11,4.25,0.0,0.0,0.0,0.0,0.0,0.0,0.0,0.0
VGP,20100367.0,8.22,4.335,4.11,4.25,0.0,0.0,0.0,0.0,0.0,0.0,0.0,0.0
VGP,20100368.0,8.22,4.335,4.11,4.25,0.0,0.0,0.0,0.0,0.0,0.0,0.0,0.0
VGP,20100369.0,8.22,4.335,4.11,4.25,0.0,0.0,0.0,0.0,0.0,0.0,0.0,0.0
VGP,20100370.0,8.22,4.335,4.11,4.25,0.0,0.0,0.0,0.0,0.0,0.0,0.0,0.0
VGP,20100371.0,8.22,4.335,4.11,4.25,0.0,0.0,0.0,0.0,0.0,0.0,0.0,0.0
VGP,20100372.0,8.22,4.335,4.11,4.25,0.0,0.0,0.0,0.0,0.0,0.0,0.0,0.0
VGP,20100373.0,8.22,4.335,4.11,4.25,0.0,0.0,0.0,0.0,0.0,0.0,0.0,0.0
VGP,20100374.0,8.22,4.335,4.11,4.25,0.0,0.0,0.0,0.0,0.0,0.0,0.0,0.0
VGP,20100375.0,8.22,4.335,4.11,4.25,0.0,0.0,0.0,0.0,0.0,0.0,0.0,0.0
VGP,20100376.0,8.22,4.335,4.11,4.25,0.0,0.0,0.0,0.0,0.0,0.0,0.0,0.0
VGP,20100377.0,8.22,4.335,4.11,4.25,0.0,0.0,0.0,0.0,0.0,0.0,0.0,0.0
VGP,20100378.0,8.22,4.335,4.11,4.25,0.0,0.0,0.0,0.0,0.0,0.0,0.0,0.0
VGP,20100379.0,8.22,4.335,4.11,4.25,0.0,0.0,0.0,0.0,0.0,0.0,0.0,0.0
VGP,20100380.0,8.22,4.335,4.11,4.25,0.0,0.0,0.0,0.0,0.0,0.0,0.0,0.0
VGP,20100381.0,8.22,4.335,4.11,4.25,0.0,0.0,0.0,0.0,0.0,0.0,0.0,0.0
VGP,20100382.0,8.22,4.335,4.11,4.25,0.0,0.0,0.0,0.0,0.0,0.0,0.0,0.0
VGP,20100383.0,8.22,4.335,4.11,4.25,0.0,0.0,0.0,0.0,0.0,0.0,0.0,0.0
VGP,20100384.0,8.22,4.335,4.11,4.25,0.0,0.0,0.0,0.0,0.0,0.0,0.0,0.0
VGP,20100385.0,8.22,4.335,4.11,4.25,0.0,0.0,0.0,0.0,0.0,0.0,0.0,0.0
VGP,20100386.0,8.22,4.335,4.11,4.25,0.0,0.0,0.0,0.0,0.0,0.0,0.0,0.0
VGP,20100387.0,8.22,4.335,4.11,4.25,0.0,0.0,0.0,0.0,0.0,0.0,0.0,0.0
VGP,20100388.0,8.22,4.335,4.11,4.25,0.0,0.0,0.0,0.0,0.0,0.0,0.0,0.0
VGP,20100389.0,8.22,4.335,4.11,4.25,0.0,0.0,0.0,0.0,0.0,0.0,0.0,0.0
VGP,20100390.0,8.22,4.335,4.11,4.25,0.0,0.0,0.0,0.0,0.0,0.0,0.0,0.0
VGP,20100391.0,8.22,4.335,4.11,4.25,0.0,0.0,0.0,0.0,0.0,0.0,0.0,0.0
VGP,20100392.0,8.22,4.335,4.11,4.25,0.0,0.0,0.0,0.0,0.0,0.0,0.0,0.0
VGP,20100393.0,8.22,4.335,4.11,4.25,0.0,0.0,0.0,0.0,0.0,0.0,0.0,0.0
VGP,20100394.0,8.22,4.335,4.11,4.25,0.0,0.0,0.0,0.0,0.0,0.0,0.0,0.0
VGP,20100395.0,8.22,4.335,4.11,4.25,0.0,0.0,0.0,0.0,0.0,0.0,0.0,0.0
VGP,20100396.0,8.22,4.335,4.11,4.25,0.0,0.0,0.0,0.0,0.0,0.0,0.0,0.0
VGP,20100397.0,8.22,4.335,4.11,4.25,0.0,0.0,0.0,0.0,0.0,0.0,0.0,0.0
VGP,20100398.0,8.22,4.335,4.11,4.25,0.0,0.0,0.0,0.0,0.0,0.0,0.0,0.0
VGP,20100399.0,8.22,4.335,4.11,4.25,0.0,0.0,0.0,0.0,0.0,0.0,0.0,0.0
VGP,20100400.0,8.22,4.335,4.11,4.25,0.0,0.0,0.0,0.0,0.0,0.0,0.0,0.0
VGP,20100401.0,8.22,8.67,8.22,8.5,0.0,0.0,0.0,0.0,0.0,0.0,0.0,0.0
VGP,20100402.0,8.67,8.67,8.33,8.4,0.0,0.0,0.0,0.0,0.0,0.0,0.0,0.0
VGP,20100403.0,8.585,4.39,4.2,4.39,0.0,0.0,0.0,0.0,0.0,0.0,0.0,0.0
VGP,20100404.0,8.5425,4.39,4.2,4.39,0.0,0.0,0.0,0.0,0.0,0.0,0.0,0.0
VGP,20100405.0,8.5,8.78,8.4,8.78,0.0,0.0,0.0,0.0,0.0,0.0,0.0,0.0
VGP,20100406.0,8.5,8.85,8.5,8.75,0.0,0.0,0.0,0.0,0.0,0.0,0.0,0.0
VGP,20100407.0,8.68,8.68,8.33,8.64,0.0,0.0,0.0,0.0,0.0,0.0,0.0,0.0
VGP,20100408.0,8.64,9.06,8.64,8.99,0.0,0.0,0.0,0.0,0.0,0.0,0.0,0.0
VGP,20100409.0,9.3,9.3,9.16,9.27,0.0,0.0,0.0,0.0,0.0,0.0,0.0,0.0
VGP,20100410.0,9.425,4.86,4.425,4.44,0.0,0.0,0.0,0.0,0.0,0.0,0.0,0.0
VGP,20100411.0,9.4875,4.86,4.425,4.44,0.0,0.0,0.0,0.0,0.0,0.0,0.0,0.0
VGP,20100412.0,9.55,9.72,8.85,8.88,0.0,0.0,0.0,0.0,0.0,0.0,0.0,0.0
VGP,20100413.0,9.02,9.02,8.53,8.92,0.0,0.0,0.0,0.0,0.0,0.0,0.0,0.0
VGP,20100414.0,8.68,8.95,8.64,8.92,0.0,0.0,0.0,0.0,0.0,0.0,0.0,0.0
VGP,20100415.0,9.3,9.3,8.85,9.02,0.0,0.0,0.0,0.0,0.0,0.0,0.0,0.0
VGP,20100416.0,9.02,9.02,8.88,8.95,0.0,0.0,0.0,0.0,0.0,0.0,0.0,0.0
VGP,20100417.0,8.97,4.475,4.285,4.34,0.0,0.0,0.0,0.0,0.0,0.0,0.0,0.0
VGP,20100418.0,8.945,4.475,4.285,4.34,0.0,0.0,0.0,0.0,0.0,0.0,0.0,0.0
VGP,20100419.0,8.92,8.95,8.57,8.68,0.0,0.0,0.0,0.0,0.0,0.0,0.0,0.0
VGP,20100420.0,8.65,8.82,8.65,8.81,0.0,0.0,0.0,0.0,0.0,0.0,0.0,0.0
VGP,20100421.0,9.26,9.33,9.26,9.34,0.0,0.0,0.0,0.0,0.0,0.0,0.0,0.0
VGP,20100422.0,9.72,9.72,8.75,8.78,0.0,0.0,0.0,0.0,0.0,0.0,0.0,0.0
VGP,20100423.0,9.51,4.805,4.565,4.805,0.0,0.0,0.0,0.0,0.0,0.0,0.0,0.0
VGP,20100424.0,9.405,4.805,4.565,4.805,0.0,0.0,0.0,0.0,0.0,0.0,0.0,0.0
VGP,20100425.0,9.3525,4.805,4.565,4.805,0.0,0.0,0.0,0.0,0.0,0.0,0.0,0.0
VGP,20100426.0,9.3,9.61,9.13,9.61,0.0,0.0,0.0,0.0,0.0,0.0,0.0,0.0
VGP,20100427.0,10.06,10.17,10.06,10.17,0.0,0.0,0.0,0.0,0.0,0.0,0.0,0.0
VGP,20100428.0,10.31,10.48,9.72,9.86,0.0,0.0,0.0,0.0,0.0,0.0,0.0,0.0
VGP,20100429.0,10.07,10.1,9.89,10.06,0.0,0.0,0.0,0.0,0.0,0.0,0.0,0.0
VGP,20100430.0,10.325,5.34,5.29,5.345,0.0,0.0,0.0,0.0,0.0,0.0,0.0,0.0
VGP,20100431.0,10.4525,5.34,5.29,5.345,0.0,0.0,0.0,0.0,0.0,0.0,0.0,0.0
VGP,20100432.0,10.51625,5.34,5.29,5.345,0.0,0.0,0.0,0.0,0.0,0.0,0.0,0.0
VGP,20100433.0,10.548125,5.34,5.29,5.345,0.0,0.0,0.0,0.0,0.0,0.0,0.0,0.0
VGP,20100434.0,10.5640625,5.34,5.29,5.345,0.0,0.0,0.0,0.0,0.0,0.0,0.0,0.0
VGP,20100435.0,10.57203125,5.34,5.29,5.345,0.0,0.0,0.0,0.0,0.0,0.0,0.0,0.0
VGP,20100436.0,10.576015625,5.34,5.29,5.345,0.0,0.0,0.0,0.0,0.0,0.0,0.0,0.0
VGP,20100437.0,10.5780078125,5.34,5.29,5.345,0.0,0.0,0.0,0.0,0.0,0.0,0.0,0.0
VGP,20100438.0,10.5790039063,5.34,5.29,5.345,0.0,0.0,0.0,0.0,0.0,0.0,0.0,0.0
VGP,20100439.0,10.5795019531,5.34,5.29,5.345,0.0,0.0,0.0,0.0,0.0,0.0,0.0,0.0
VGP,20100440.0,10.5797509766,5.34,5.29,5.345,0.0,0.0,0.0,0.0,0.0,0.0,0.0,0.0
VGP,20100441.0,10.5798754883,5.34,5.29,5.345,0.0,0.0,0.0,0.0,0.0,0.0,0.0,0.0
VGP,20100442.0,10.5799377441,5.34,5.29,5.345,0.0,0.0,0.0,0.0,0.0,0.0,0.0,0.0
VGP,20100443.0,10.5799688721,5.34,5.29,5.345,0.0,0.0,0.0,0.0,0.0,0.0,0.0,0.0
VGP,20100444.0,10.579984436,5.34,5.29,5.345,0.0,0.0,0.0,0.0,0.0,0.0,0.0,0.0
VGP,20100445.0,10.579992218,5.34,5.29,5.345,0.0,0.0,0.0,0.0,0.0,0.0,0.0,0.0
VGP,20100446.0,10.579996109,5.34,5.29,5.345,0.0,0.0,0.0,0.0,0.0,0.0,0.0,0.0
VGP,20100447.0,10.5799980545,5.34,5.29,5.345,0.0,0.0,0.0,0.0,0.0,0.0,0.0,0.0
VGP,20100448.0,10.5799990273,5.34,5.29,5.345,0.0,0.0,0.0,0.0,0.0,0.0,0.0,0.0
VGP,20100449.0,10.5799995136,5.34,5.29,5.345,0.0,0.0,0.0,0.0,0.0,0.0,0.0,0.0
VGP,20100450.0,10.5799997568,5.34,5.29,5.345,0.0,0.0,0.0,0.0,0.0,0.0,0.0,0.0
VGP,20100451.0,10.5799998784,5.34,5.29,5.345,0.0,0.0,0.0,0.0,0.0,0.0,0.0,0.0
VGP,20100452.0,10.5799999392,5.34,5.29,5.345,0.0,0.0,0.0,0.0,0.0,0.0,0.0,0.0
VGP,20100453.0,10.5799999696,5.34,5.29,5.345,0.0,0.0,0.0,0.0,0.0,0.0,0.0,0.0
VGP,20100454.0,10.5799999848,5.34,5.29,5.345,0.0,0.0,0.0,0.0,0.0,0.0,0.0,0.0
VGP,20100455.0,10.5799999924,5.34,5.29,5.345,0.0,0.0,0.0,0.0,0.0,0.0,0.0,0.0
VGP,20100456.0,10.5799999962,5.34,5.29,5.345,0.0,0.0,0.0,0.0,0.0,0.0,0.0,0.0
VGP,20100457.0,10.5799999981,5.34,5.29,5.345,0.0,0.0,0.0,0.0,0.0,0.0,0.0,0.0
VGP,20100458.0,10.5799999991,5.34,5.29,5.345,0.0,0.0,0.0,0.0,0.0,0.0,0.0,0.0
VGP,20100459.0,10.5799999995,5.34,5.29,5.345,0.0,0.0,0.0,0.0,0.0,0.0,0.0,0.0
VGP,20100460.0,10.5799999998,5.34,5.29,5.345,0.0,0.0,0.0,0.0,0.0,0.0,0.0,0.0
VGP,20100461.0,10.5799999999,5.34,5.29,5.345,0.0,0.0,0.0,0.0,0.0,0.0,0.0,0.0
VGP,20100462.0,10.5799999999,5.34,5.29,5.345,0.0,0.0,0.0,0.0,0.0,0.0,0.0,0.0
VGP,20100463.0,10.58,5.34,5.29,5.345,0.0,0.0,0.0,0.0,0.0,0.0,0.0,0.0
VGP,20100464.0,10.58,5.34,5.29,5.345,0.0,0.0,0.0,0.0,0.0,0.0,0.0,0.0
VGP,20100465.0,10.58,5.34,5.29,5.345,0.0,0.0,0.0,0.0,0.0,0.0,0.0,0.0
VGP,20100466.0,10.58,5.34,5.29,5.345,0.0,0.0,0.0,0.0,0.0,0.0,0.0,0.0
VGP,20100467.0,10.58,5.34,5.29,5.345,0.0,0.0,0.0,0.0,0.0,0.0,0.0,0.0
VGP,20100468.0,10.58,5.34,5.29,5.345,0.0,0.0,0.0,0.0,0.0,0.0,0.0,0.0
VGP,20100469.0,10.58,5.34,5.29,5.345,0.0,0.0,0.0,0.0,0.0,0.0,0.0,0.0
VGP,20100470.0,10.58,5.34,5.29,5.345,0.0,0.0,0.0,0.0,0.0,0.0,0.0,0.0
VGP,20100471.0,10.58,5.34,5.29,5.345,0.0,0.0,0.0,0.0,0.0,0.0,0.0,0.0
VGP,20100472.0,10.58,5.34,5.29,5.345,0.0,0.0,0.0,0.0,0.0,0.0,0.0,0.0
VGP,20100473.0,10.58,5.34,5.29,5.345,0.0,0.0,0.0,0.0,0.0,0.0,0.0,0.0
VGP,20100474.0,10.58,5.34,5.29,5.345,0.0,0.0,0.0,0.0,0.0,0.0,0.0,0.0
VGP,20100475.0,10.58,5.34,5.29,5.345,0.0,0.0,0.0,0.0,0.0,0.0,0.0,0.0
VGP,20100476.0,10.58,5.34,5.29,5.345,0.0,0.0,0.0,0.0,0.0,0.0,0.0,0.0
VGP,20100477.0,10.58,5.34,5.29,5.345,0.0,0.0,0.0,0.0,0.0,0.0,0.0,0.0
VGP,20100478.0,10.58,5.34,5.29,5.345,0.0,0.0,0.0,0.0,0.0,0.0,0.0,0.0
VGP,20100479.0,10.58,5.34,5.29,5.345,0.0,0.0,0.0,0.0,0.0,0.0,0.0,0.0
VGP,20100480.0,10.58,5.34,5.29,5.345,0.0,0.0,0.0,0.0,0.0,0.0,0.0,0.0
VGP,20100481.0,10.58,5.34,5.29,5.345,0.0,0.0,0.0,0.0,0.0,0.0,0.0,0.0
VGP,20100482.0,10.58,5.34,5.29,5.345,0.0,0.0,0.0,0.0,0.0,0.0,0.0,0.0
VGP,20100483.0,10.58,5.34,5.29,5.345,0.0,0.0,0.0,0.0,0.0,0.0,0.0,0.0
VGP,20100484.0,10.58,5.34,5.29,5.345,0.0,0.0,0.0,0.0,0.0,0.0,0.0,0.0
VGP,20100485.0,10.58,5.34,5.29,5.345,0.0,0.0,0.0,0.0,0.0,0.0,0.0,0.0
VGP,20100486.0,10.58,5.34,5.29,5.345,0.0,0.0,0.0,0.0,0.0,0.0,0.0,0.0
VGP,20100487.0,10.58,5.34,5.29,5.345,0.0,0.0,0.0,0.0,0.0,0.0,0.0,0.0
VGP,20100488.0,10.58,5.34,5.29,5.345,0.0,0.0,0.0,0.0,0.0,0.0,0.0,0.0
VGP,20100489.0,10.58,5.34,5.29,5.345,0.0,0.0,0.0,0.0,0.0,0.0,0.0,0.0
VGP,20100490.0,10.58,5.34,5.29,5.345,0.0,0.0,0.0,0.0,0.0,0.0,0.0,0.0
VGP,20100491.0,10.58,5.34,5.29,5.345,0.0,0.0,0.0,0.0,0.0,0.0,0.0,0.0
VGP,20100492.0,10.58,5.34,5.29,5.345,0.0,0.0,0.0,0.0,0.0,0.0,0.0,0.0
VGP,20100493.0,10.58,5.34,5.29,5.345,0.0,0.0,0.0,0.0,0.0,0.0,0.0,0.0
VGP,20100494.0,10.58,5.34,5.29,5.345,0.0,0.0,0.0,0.0,0.0,0.0,0.0,0.0
VGP,20100495.0,10.58,5.34,5.29,5.345,0.0,0.0,0.0,0.0,0.0,0.0,0.0,0.0
VGP,20100496.0,10.58,5.34,5.29,5.345,0.0,0.0,0.0,0.0,0.0,0.0,0.0,0.0
VGP,20100497.0,10.58,5.34,5.29,5.345,0.0,0.0,0.0,0.0,0.0,0.0,0.0,0.0
VGP,20100498.0,10.58,5.34,5.29,5.345,0.0,0.0,0.0,0.0,0.0,0.0,0.0,0.0
VGP,20100499.0,10.58,5.34,5.29,5.345,0.0,0.0,0.0,0.0,0.0,0.0,0.0,0.0
VGP,20100500.0,10.58,5.34,5.29,5.345,0.0,0.0,0.0,0.0,0.0,0.0,0.0,0.0
VGP,20100501.0,10.58,5.34,5.29,5.345,0.0,0.0,0.0,0.0,0.0,0.0,0.0,0.0
VGP,20100502.0,10.58,5.34,5.29,5.345,0.0,0.0,0.0,0.0,0.0,0.0,0.0,0.0
VGP,20100503.0,10.58,5.34,5.29,5.345,0.0,0.0,0.0,0.0,0.0,0.0,0.0,0.0
VGP,20100504.0,10.58,10.68,10.58,10.69,0.0,0.0,0.0,0.0,0.0,0.0,0.0,0.0
VGP,20100505.0,11.11,11.42,10.76,11.42,0.0,0.0,0.0,0.0,0.0,0.0,0.0,0.0
VGP,20100506.0,12.11,12.11,12.08,12.11,0.0,0.0,0.0,0.0,0.0,0.0,0.0,0.0
VGP,20100507.0,12.91,12.94,11.28,11.8,0.0,0.0,0.0,0.0,0.0,0.0,0.0,0.0
VGP,20100508.0,12.34,6.055,5.485,5.64,0.0,0.0,0.0,0.0,0.0,0.0,0.0,0.0
VGP,20100509.0,12.055,6.055,5.485,5.64,0.0,0.0,0.0,0.0,0.0,0.0,0.0,0.0
VGP,20100510.0,11.77,12.11,10.97,11.28,0.0,0.0,0.0,0.0,0.0,0.0,0.0,0.0
VGP,20100511.0,10.76,12.15,10.76,11.0,0.0,0.0,0.0,0.0,0.0,0.0,0.0,0.0
VGP,20100512.0,10.76,10.76,10.62,10.62,0.0,0.0,0.0,0.0,0.0,0.0,0.0,0.0
VGP,20100513.0,10.62,10.69,9.89,9.96,0.0,0.0,0.0,0.0,0.0,0.0,0.0,0.0
VGP,20100514.0,9.3,10.41,9.3,10.17,0.0,0.0,0.0,0.0,0.0,0.0,0.0,0.0
VGP,20100515.0,9.665,5.015,4.65,4.755,0.0,0.0,0.0,0.0,0.0,0.0,0.0,0.0
VGP,20100516.0,9.8475,5.015,4.65,4.755,0.0,0.0,0.0,0.0,0.0,0.0,0.0,0.0
VGP,20100517.0,10.03,10.03,9.3,9.51,0.0,0.0,0.0,0.0,0.0,0.0,0.0,0.0
VGP,20100518.0,9.54,9.75,9.54,9.54,0.0,0.0,0.0,0.0,0.0,0.0,0.0,0.0
VGP,20100519.0,9.37,9.37,8.95,9.02,0.0,0.0,0.0,0.0,0.0,0.0,0.0,0.0
VGP,20100520.0,9.02,9.33,8.67,9.2,0.0,0.0,0.0,0.0,0.0,0.0,0.0,0.0
VGP,20100521.0,8.3,8.89,8.3,8.5,0.0,0.0,0.0,0.0,0.0,0.0,0.0,0.0
VGP,20100522.0,8.54,4.51,4.265,4.51,0.0,0.0,0.0,0.0,0.0,0.0,0.0,0.0
VGP,20100523.0,8.66,4.51,4.265,4.51,0.0,0.0,0.0,0.0,0.0,0.0,0.0,0.0
VGP,20100524.0,8.78,9.02,8.53,9.02,0.0,0.0,0.0,0.0,0.0,0.0,0.0,0.0
VGP,20100525.0,8.5,9.26,8.5,9.02,0.0,0.0,0.0,0.0,0.0,0.0,0.0,0.0
VGP,20100526.0,9.44,9.58,9.37,9.58,0.0,0.0,0.0,0.0,0.0,0.0,0.0,0.0
VGP,20100527.0,9.55,9.79,9.37,9.58,0.0,0.0,0.0,0.0,0.0,0.0,0.0,0.0
VGP,20100528.0,10.07,10.27,9.72,10.24,0.0,0.0,0.0,0.0,0.0,0.0,0.0,0.0
VGP,20100529.0,10.24,5.205,4.74,4.735,0.0,0.0,0.0,0.0,0.0,0.0,0.0,0.0
VGP,20100530.0,10.325,5.205,4.74,4.735,0.0,0.0,0.0,0.0,0.0,0.0,0.0,0.0
VGP,20100531.0,10.41,10.41,9.48,9.47,0.0,0.0,0.0,0.0,0.0,0.0,0.0,0.0
VGP,20100532.0,9.89,4.785,4.58,4.685,0.0,0.0,0.0,0.0,0.0,0.0,0.0,0.0
VGP,20100533.0,9.63,4.785,4.58,4.685,0.0,0.0,0.0,0.0,0.0,0.0,0.0,0.0
VGP,20100534.0,9.5,4.785,4.58,4.685,0.0,0.0,0.0,0.0,0.0,0.0,0.0,0.0
VGP,20100535.0,9.435,4.785,4.58,4.685,0.0,0.0,0.0,0.0,0.0,0.0,0.0,0.0
VGP,20100536.0,9.4025,4.785,4.58,4.685,0.0,0.0,0.0,0.0,0.0,0.0,0.0,0.0
VGP,20100537.0,9.38625,4.785,4.58,4.685,0.0,0.0,0.0,0.0,0.0,0.0,0.0,0.0
VGP,20100538.0,9.378125,4.785,4.58,4.685,0.0,0.0,0.0,0.0,0.0,0.0,0.0,0.0
VGP,20100539.0,9.3740625,4.785,4.58,4.685,0.0,0.0,0.0,0.0,0.0,0.0,0.0,0.0
VGP,20100540.0,9.37203125,4.785,4.58,4.685,0.0,0.0,0.0,0.0,0.0,0.0,0.0,0.0
VGP,20100541.0,9.371015625,4.785,4.58,4.685,0.0,0.0,0.0,0.0,0.0,0.0,0.0,0.0
VGP,20100542.0,9.3705078125,4.785,4.58,4.685,0.0,0.0,0.0,0.0,0.0,0.0,0.0,0.0
VGP,20100543.0,9.37025390625,4.785,4.58,4.685,0.0,0.0,0.0,0.0,0.0,0.0,0.0,0.0
VGP,20100544.0,9.37012695312,4.785,4.58,4.685,0.0,0.0,0.0,0.0,0.0,0.0,0.0,0.0
VGP,20100545.0,9.37006347656,4.785,4.58,4.685,0.0,0.0,0.0,0.0,0.0,0.0,0.0,0.0
VGP,20100546.0,9.37003173828,4.785,4.58,4.685,0.0,0.0,0.0,0.0,0.0,0.0,0.0,0.0
VGP,20100547.0,9.37001586914,4.785,4.58,4.685,0.0,0.0,0.0,0.0,0.0,0.0,0.0,0.0
VGP,20100548.0,9.37000793457,4.785,4.58,4.685,0.0,0.0,0.0,0.0,0.0,0.0,0.0,0.0
VGP,20100549.0,9.37000396729,4.785,4.58,4.685,0.0,0.0,0.0,0.0,0.0,0.0,0.0,0.0
VGP,20100550.0,9.37000198364,4.785,4.58,4.685,0.0,0.0,0.0,0.0,0.0,0.0,0.0,0.0
VGP,20100551.0,9.37000099182,4.785,4.58,4.685,0.0,0.0,0.0,0.0,0.0,0.0,0.0,0.0
VGP,20100552.0,9.37000049591,4.785,4.58,4.685,0.0,0.0,0.0,0.0,0.0,0.0,0.0,0.0
VGP,20100553.0,9.37000024796,4.785,4.58,4.685,0.0,0.0,0.0,0.0,0.0,0.0,0.0,0.0
VGP,20100554.0,9.37000012398,4.785,4.58,4.685,0.0,0.0,0.0,0.0,0.0,0.0,0.0,0.0
VGP,20100555.0,9.37000006199,4.785,4.58,4.685,0.0,0.0,0.0,0.0,0.0,0.0,0.0,0.0
VGP,20100556.0,9.37000003099,4.785,4.58,4.685,0.0,0.0,0.0,0.0,0.0,0.0,0.0,0.0
VGP,20100557.0,9.3700000155,4.785,4.58,4.685,0.0,0.0,0.0,0.0,0.0,0.0,0.0,0.0
VGP,20100558.0,9.37000000775,4.785,4.58,4.685,0.0,0.0,0.0,0.0,0.0,0.0,0.0,0.0
VGP,20100559.0,9.37000000387,4.785,4.58,4.685,0.0,0.0,0.0,0.0,0.0,0.0,0.0,0.0
VGP,20100560.0,9.37000000194,4.785,4.58,4.685,0.0,0.0,0.0,0.0,0.0,0.0,0.0,0.0
VGP,20100561.0,9.37000000097,4.785,4.58,4.685,0.0,0.0,0.0,0.0,0.0,0.0,0.0,0.0
VGP,20100562.0,9.37000000048,4.785,4.58,4.685,0.0,0.0,0.0,0.0,0.0,0.0,0.0,0.0
VGP,20100563.0,9.37000000024,4.785,4.58,4.685,0.0,0.0,0.0,0.0,0.0,0.0,0.0,0.0
VGP,20100564.0,9.37000000012,4.785,4.58,4.685,0.0,0.0,0.0,0.0,0.0,0.0,0.0,0.0
VGP,20100565.0,9.37000000006,4.785,4.58,4.685,0.0,0.0,0.0,0.0,0.0,0.0,0.0,0.0
VGP,20100566.0,9.37000000003,4.785,4.58,4.685,0.0,0.0,0.0,0.0,0.0,0.0,0.0,0.0
VGP,20100567.0,9.37000000002,4.785,4.58,4.685,0.0,0.0,0.0,0.0,0.0,0.0,0.0,0.0
VGP,20100568.0,9.37000000001,4.785,4.58,4.685,0.0,0.0,0.0,0.0,0.0,0.0,0.0,0.0
VGP,20100569.0,9.37,4.785,4.58,4.685,0.0,0.0,0.0,0.0,0.0,0.0,0.0,0.0
VGP,20100570.0,9.37,4.785,4.58,4.685,0.0,0.0,0.0,0.0,0.0,0.0,0.0,0.0
VGP,20100571.0,9.37,4.785,4.58,4.685,0.0,0.0,0.0,0.0,0.0,0.0,0.0,0.0
VGP,20100572.0,9.37,4.785,4.58,4.685,0.0,0.0,0.0,0.0,0.0,0.0,0.0,0.0
VGP,20100573.0,9.37,4.785,4.58,4.685,0.0,0.0,0.0,0.0,0.0,0.0,0.0,0.0
VGP,20100574.0,9.37,4.785,4.58,4.685,0.0,0.0,0.0,0.0,0.0,0.0,0.0,0.0
VGP,20100575.0,9.37,4.785,4.58,4.685,0.0,0.0,0.0,0.0,0.0,0.0,0.0,0.0
VGP,20100576.0,9.37,4.785,4.58,4.685,0.0,0.0,0.0,0.0,0.0,0.0,0.0,0.0
VGP,20100577.0,9.37,4.785,4.58,4.685,0.0,0.0,0.0,0.0,0.0,0.0,0.0,0.0
VGP,20100578.0,9.37,4.785,4.58,4.685,0.0,0.0,0.0,0.0,0.0,0.0,0.0,0.0
VGP,20100579.0,9.37,4.785,4.58,4.685,0.0,0.0,0.0,0.0,0.0,0.0,0.0,0.0
VGP,20100580.0,9.37,4.785,4.58,4.685,0.0,0.0,0.0,0.0,0.0,0.0,0.0,0.0
VGP,20100581.0,9.37,4.785,4.58,4.685,0.0,0.0,0.0,0.0,0.0,0.0,0.0,0.0
VGP,20100582.0,9.37,4.785,4.58,4.685,0.0,0.0,0.0,0.0,0.0,0.0,0.0,0.0
VGP,20100583.0,9.37,4.785,4.58,4.685,0.0,0.0,0.0,0.0,0.0,0.0,0.0,0.0
VGP,20100584.0,9.37,4.785,4.58,4.685,0.0,0.0,0.0,0.0,0.0,0.0,0.0,0.0
VGP,20100585.0,9.37,4.785,4.58,4.685,0.0,0.0,0.0,0.0,0.0,0.0,0.0,0.0
VGP,20100586.0,9.37,4.785,4.58,4.685,0.0,0.0,0.0,0.0,0.0,0.0,0.0,0.0
VGP,20100587.0,9.37,4.785,4.58,4.685,0.0,0.0,0.0,0.0,0.0,0.0,0.0,0.0
VGP,20100588.0,9.37,4.785,4.58,4.685,0.0,0.0,0.0,0.0,0.0,0.0,0.0,0.0
VGP,20100589.0,9.37,4.785,4.58,4.685,0.0,0.0,0.0,0.0,0.0,0.0,0.0,0.0
VGP,20100590.0,9.37,4.785,4.58,4.685,0.0,0.0,0.0,0.0,0.0,0.0,0.0,0.0
VGP,20100591.0,9.37,4.785,4.58,4.685,0.0,0.0,0.0,0.0,0.0,0.0,0.0,0.0
VGP,20100592.0,9.37,4.785,4.58,4.685,0.0,0.0,0.0,0.0,0.0,0.0,0.0,0.0
VGP,20100593.0,9.37,4.785,4.58,4.685,0.0,0.0,0.0,0.0,0.0,0.0,0.0,0.0
VGP,20100594.0,9.37,4.785,4.58,4.685,0.0,0.0,0.0,0.0,0.0,0.0,0.0,0.0
VGP,20100595.0,9.37,4.785,4.58,4.685,0.0,0.0,0.0,0.0,0.0,0.0,0.0,0.0
VGP,20100596.0,9.37,4.785,4.58,4.685,0.0,0.0,0.0,0.0,0.0,0.0,0.0,0.0
VGP,20100597.0,9.37,4.785,4.58,4.685,0.0,0.0,0.0,0.0,0.0,0.0,0.0,0.0
VGP,20100598.0,9.37,4.785,4.58,4.685,0.0,0.0,0.0,0.0,0.0,0.0,0.0,0.0
VGP,20100599.0,9.37,4.785,4.58,4.685,0.0,0.0,0.0,0.0,0.0,0.0,0.0,0.0
VGP,20100600.0,9.37,4.785,4.58,4.685,0.0,0.0,0.0,0.0,0.0,0.0,0.0,0.0
VGP,20100601.0,9.37,9.57,9.16,9.37,0.0,0.0,0.0,0.0,0.0,0.0,0.0,0.0
VGP,20100602.0,9.37,9.72,9.3,9.3,0.0,0.0,0.0,0.0,0.0,0.0,0.0,0.0
VGP,20100603.0,9.72,9.72,9.54,9.54,0.0,0.0,0.0,0.0,0.0,0.0,0.0,0.0
VGP,20100604.0,9.71,9.89,9.37,9.54,0.0,0.0,0.0,0.0,0.0,0.0,0.0,0.0
VGP,20100605.0,9.97,5.115,4.77,5.12,0.0,0.0,0.0,0.0,0.0,0.0,0.0,0.0
VGP,20100606.0,10.1,5.115,4.77,5.12,0.0,0.0,0.0,0.0,0.0,0.0,0.0,0.0
VGP,20100607.0,10.23,10.23,9.54,10.24,0.0,0.0,0.0,0.0,0.0,0.0,0.0,0.0
VGP,20100608.0,10.41,10.52,10.31,10.45,0.0,0.0,0.0,0.0,0.0,0.0,0.0,0.0
VGP,20100609.0,10.66,10.73,10.42,10.41,0.0,0.0,0.0,0.0,0.0,0.0,0.0,0.0
VGP,20100610.0,10.41,10.41,10.24,10.41,0.0,0.0,0.0,0.0,0.0,0.0,0.0,0.0
VGP,20100611.0,10.58,11.1,10.24,10.41,0.0,0.0,0.0,0.0,0.0,0.0,0.0,0.0
VGP,20100612.0,10.67,5.38,5.12,5.205,0.0,0.0,0.0,0.0,0.0,0.0,0.0,0.0
VGP,20100613.0,10.715,5.38,5.12,5.205,0.0,0.0,0.0,0.0,0.0,0.0,0.0,0.0
VGP,20100614.0,10.76,10.76,10.24,10.41,0.0,0.0,0.0,0.0,0.0,0.0,0.0,0.0
VGP,20100615.0,10.44,10.44,10.44,10.45,0.0,0.0,0.0,0.0,0.0,0.0,0.0,0.0
VGP,20100616.0,10.45,10.59,9.79,10.13,0.0,0.0,0.0,0.0,0.0,0.0,0.0,0.0
VGP,20100617.0,10.23,10.44,10.23,10.41,0.0,0.0,0.0,0.0,0.0,0.0,0.0,0.0
VGP,20100618.0,11.06,11.06,11.01,11.06,0.0,0.0,0.0,0.0,0.0,0.0,0.0,0.0
VGP,20100619.0,11.13,5.6,5.53,5.53,0.0,0.0,0.0,0.0,0.0,0.0,0.0,0.0
VGP,20100620.0,11.165,5.6,5.53,5.53,0.0,0.0,0.0,0.0,0.0,0.0,0.0,0.0
VGP,20100621.0,11.2,11.2,11.06,11.06,0.0,0.0,0.0,0.0,0.0,0.0,0.0,0.0
VGP,20100622.0,11.06,11.06,10.64,10.64,0.0,0.0,0.0,0.0,0.0,0.0,0.0,0.0
VGP,20100623.0,10.96,11.1,10.78,10.78,0.0,0.0,0.0,0.0,0.0,0.0,0.0,0.0
VGP,20100624.0,11.1,11.34,10.73,11.34,0.0,0.0,0.0,0.0,0.0,0.0,0.0,0.0
VGP,20100625.0,11.11,11.2,11.11,11.2,0.0,0.0,0.0,0.0,0.0,0.0,0.0,0.0
VGP,20100626.0,11.25,5.97,5.6,5.97,0.0,0.0,0.0,0.0,0.0,0.0,0.0,0.0
VGP,20100627.0,11.32,5.97,5.6,5.97,0.0,0.0,0.0,0.0,0.0,0.0,0.0,0.0
VGP,20100628.0,11.39,11.94,11.2,11.94,0.0,0.0,0.0,0.0,0.0,0.0,0.0,0.0
VGP,20100629.0,12.08,12.08,11.57,11.57,0.0,0.0,0.0,0.0,0.0,0.0,0.0,0.0
VGP,20100630.0,11.57,11.71,11.57,11.71,0.0,0.0,0.0,0.0,0.0,0.0,0.0,0.0
VGP,20100631.0,11.92,6.135,5.555,5.55,0.0,0.0,0.0,0.0,0.0,0.0,0.0,0.0
VGP,20100632.0,12.095,6.135,5.555,5.55,0.0,0.0,0.0,0.0,0.0,0.0,0.0,0.0
VGP,20100633.0,12.1825,6.135,5.555,5.55,0.0,0.0,0.0,0.0,0.0,0.0,0.0,0.0
VGP,20100634.0,12.22625,6.135,5.555,5.55,0.0,0.0,0.0,0.0,0.0,0.0,0.0,0.0
VGP,20100635.0,12.248125,6.135,5.555,5.55,0.0,0.0,0.0,0.0,0.0,0.0,0.0,0.0
VGP,20100636.0,12.2590625,6.135,5.555,5.55,0.0,0.0,0.0,0.0,0.0,0.0,0.0,0.0
VGP,20100637.0,12.26453125,6.135,5.555,5.55,0.0,0.0,0.0,0.0,0.0,0.0,0.0,0.0
VGP,20100638.0,12.267265625,6.135,5.555,5.55,0.0,0.0,0.0,0.0,0.0,0.0,0.0,0.0
VGP,20100639.0,12.2686328125,6.135,5.555,5.55,0.0,0.0,0.0,0.0,0.0,0.0,0.0,0.0
VGP,20100640.0,12.2693164062,6.135,5.555,5.55,0.0,0.0,0.0,0.0,0.0,0.0,0.0,0.0
VGP,20100641.0,12.2696582031,6.135,5.555,5.55,0.0,0.0,0.0,0.0,0.0,0.0,0.0,0.0
VGP,20100642.0,12.2698291016,6.135,5.555,5.55,0.0,0.0,0.0,0.0,0.0,0.0,0.0,0.0
VGP,20100643.0,12.2699145508,6.135,5.555,5.55,0.0,0.0,0.0,0.0,0.0,0.0,0.0,0.0
VGP,20100644.0,12.2699572754,6.135,5.555,5.55,0.0,0.0,0.0,0.0,0.0,0.0,0.0,0.0
VGP,20100645.0,12.2699786377,6.135,5.555,5.55,0.0,0.0,0.0,0.0,0.0,0.0,0.0,0.0
VGP,20100646.0,12.2699893188,6.135,5.555,5.55,0.0,0.0,0.0,0.0,0.0,0.0,0.0,0.0
VGP,20100647.0,12.2699946594,6.135,5.555,5.55,0.0,0.0,0.0,0.0,0.0,0.0,0.0,0.0
VGP,20100648.0,12.2699973297,6.135,5.555,5.55,0.0,0.0,0.0,0.0,0.0,0.0,0.0,0.0
VGP,20100649.0,12.2699986649,6.135,5.555,5.55,0.0,0.0,0.0,0.0,0.0,0.0,0.0,0.0
VGP,20100650.0,12.2699993324,6.135,5.555,5.55,0.0,0.0,0.0,0.0,0.0,0.0,0.0,0.0
VGP,20100651.0,12.2699996662,6.135,5.555,5.55,0.0,0.0,0.0,0.0,0.0,0.0,0.0,0.0
VGP,20100652.0,12.2699998331,6.135,5.555,5.55,0.0,0.0,0.0,0.0,0.0,0.0,0.0,0.0
VGP,20100653.0,12.2699999166,6.135,5.555,5.55,0.0,0.0,0.0,0.0,0.0,0.0,0.0,0.0
VGP,20100654.0,12.2699999583,6.135,5.555,5.55,0.0,0.0,0.0,0.0,0.0,0.0,0.0,0.0
VGP,20100655.0,12.2699999791,6.135,5.555,5.55,0.0,0.0,0.0,0.0,0.0,0.0,0.0,0.0
VGP,20100656.0,12.2699999896,6.135,5.555,5.55,0.0,0.0,0.0,0.0,0.0,0.0,0.0,0.0
VGP,20100657.0,12.2699999948,6.135,5.555,5.55,0.0,0.0,0.0,0.0,0.0,0.0,0.0,0.0
VGP,20100658.0,12.2699999974,6.135,5.555,5.55,0.0,0.0,0.0,0.0,0.0,0.0,0.0,0.0
VGP,20100659.0,12.2699999987,6.135,5.555,5.55,0.0,0.0,0.0,0.0,0.0,0.0,0.0,0.0
VGP,20100660.0,12.2699999993,6.135,5.555,5.55,0.0,0.0,0.0,0.0,0.0,0.0,0.0,0.0
VGP,20100661.0,12.2699999997,6.135,5.555,5.55,0.0,0.0,0.0,0.0,0.0,0.0,0.0,0.0
VGP,20100662.0,12.2699999998,6.135,5.555,5.55,0.0,0.0,0.0,0.0,0.0,0.0,0.0,0.0
VGP,20100663.0,12.2699999999,6.135,5.555,5.55,0.0,0.0,0.0,0.0,0.0,0.0,0.0,0.0
VGP,20100664.0,12.27,6.135,5.555,5.55,0.0,0.0,0.0,0.0,0.0,0.0,0.0,0.0
VGP,20100665.0,12.27,6.135,5.555,5.55,0.0,0.0,0.0,0.0,0.0,0.0,0.0,0.0
VGP,20100666.0,12.27,6.135,5.555,5.55,0.0,0.0,0.0,0.0,0.0,0.0,0.0,0.0
VGP,20100667.0,12.27,6.135,5.555,5.55,0.0,0.0,0.0,0.0,0.0,0.0,0.0,0.0
VGP,20100668.0,12.27,6.135,5.555,5.55,0.0,0.0,0.0,0.0,0.0,0.0,0.0,0.0
VGP,20100669.0,12.27,6.135,5.555,5.55,0.0,0.0,0.0,0.0,0.0,0.0,0.0,0.0
VGP,20100670.0,12.27,6.135,5.555,5.55,0.0,0.0,0.0,0.0,0.0,0.0,0.0,0.0
VGP,20100671.0,12.27,6.135,5.555,5.55,0.0,0.0,0.0,0.0,0.0,0.0,0.0,0.0
VGP,20100672.0,12.27,6.135,5.555,5.55,0.0,0.0,0.0,0.0,0.0,0.0,0.0,0.0
VGP,20100673.0,12.27,6.135,5.555,5.55,0.0,0.0,0.0,0.0,0.0,0.0,0.0,0.0
VGP,20100674.0,12.27,6.135,5.555,5.55,0.0,0.0,0.0,0.0,0.0,0.0,0.0,0.0
VGP,20100675.0,12.27,6.135,5.555,5.55,0.0,0.0,0.0,0.0,0.0,0.0,0.0,0.0
VGP,20100676.0,12.27,6.135,5.555,5.55,0.0,0.0,0.0,0.0,0.0,0.0,0.0,0.0
VGP,20100677.0,12.27,6.135,5.555,5.55,0.0,0.0,0.0,0.0,0.0,0.0,0.0,0.0
VGP,20100678.0,12.27,6.135,5.555,5.55,0.0,0.0,0.0,0.0,0.0,0.0,0.0,0.0
VGP,20100679.0,12.27,6.135,5.555,5.55,0.0,0.0,0.0,0.0,0.0,0.0,0.0,0.0
VGP,20100680.0,12.27,6.135,5.555,5.55,0.0,0.0,0.0,0.0,0.0,0.0,0.0,0.0
VGP,20100681.0,12.27,6.135,5.555,5.55,0.0,0.0,0.0,0.0,0.0,0.0,0.0,0.0
VGP,20100682.0,12.27,6.135,5.555,5.55,0.0,0.0,0.0,0.0,0.0,0.0,0.0,0.0
VGP,20100683.0,12.27,6.135,5.555,5.55,0.0,0.0,0.0,0.0,0.0,0.0,0.0,0.0
VGP,20100684.0,12.27,6.135,5.555,5.55,0.0,0.0,0.0,0.0,0.0,0.0,0.0,0.0
VGP,20100685.0,12.27,6.135,5.555,5.55,0.0,0.0,0.0,0.0,0.0,0.0,0.0,0.0
VGP,20100686.0,12.27,6.135,5.555,5.55,0.0,0.0,0.0,0.0,0.0,0.0,0.0,0.0
VGP,20100687.0,12.27,6.135,5.555,5.55,0.0,0.0,0.0,0.0,0.0,0.0,0.0,0.0
VGP,20100688.0,12.27,6.135,5.555,5.55,0.0,0.0,0.0,0.0,0.0,0.0,0.0,0.0
VGP,20100689.0,12.27,6.135,5.555,5.55,0.0,0.0,0.0,0.0,0.0,0.0,0.0,0.0
VGP,20100690.0,12.27,6.135,5.555,5.55,0.0,0.0,0.0,0.0,0.0,0.0,0.0,0.0
VGP,20100691.0,12.27,6.135,5.555,5.55,0.0,0.0,0.0,0.0,0.0,0.0,0.0,0.0
VGP,20100692.0,12.27,6.135,5.555,5.55,0.0,0.0,0.0,0.0,0.0,0.0,0.0,0.0
VGP,20100693.0,12.27,6.135,5.555,5.55,0.0,0.0,0.0,0.0,0.0,0.0,0.0,0.0
VGP,20100694.0,12.27,6.135,5.555,5.55,0.0,0.0,0.0,0.0,0.0,0.0,0.0,0.0
VGP,20100695.0,12.27,6.135,5.555,5.55,0.0,0.0,0.0,0.0,0.0,0.0,0.0,0.0
VGP,20100696.0,12.27,6.135,5.555,5.55,0.0,0.0,0.0,0.0,0.0,0.0,0.0,0.0
VGP,20100697.0,12.27,6.135,5.555,5.55,0.0,0.0,0.0,0.0,0.0,0.0,0.0,0.0
VGP,20100698.0,12.27,6.135,5.555,5.55,0.0,0.0,0.0,0.0,0.0,0.0,0.0,0.0
VGP,20100699.0,12.27,6.135,5.555,5.55,0.0,0.0,0.0,0.0,0.0,0.0,0.0,0.0
VGP,20100700.0,12.27,6.135,5.555,5.55,0.0,0.0,0.0,0.0,0.0,0.0,0.0,0.0
VGP,20100701.0,12.27,12.27,11.11,11.1,0.0,0.0,0.0,0.0,0.0,0.0,0.0,0.0
VGP,20100702.0,12.12,12.12,12.12,12.12,0.0,0.0,0.0,0.0,0.0,0.0,0.0,0.0
VGP,20100703.0,12.12,6.06,5.645,5.735,0.0,0.0,0.0,0.0,0.0,0.0,0.0,0.0
VGP,20100704.0,12.12,6.06,5.645,5.735,0.0,0.0,0.0,0.0,0.0,0.0,0.0,0.0
VGP,20100705.0,12.12,12.12,11.29,11.47,0.0,0.0,0.0,0.0,0.0,0.0,0.0,0.0
VGP,20100706.0,11.38,12.16,11.38,12.17,0.0,0.0,0.0,0.0,0.0,0.0,0.0,0.0
VGP,20100707.0,12.68,12.68,11.57,11.57,0.0,0.0,0.0,0.0,0.0,0.0,0.0,0.0
VGP,20100708.0,12.5,12.5,11.25,11.34,0.0,0.0,0.0,0.0,0.0,0.0,0.0,0.0
VGP,20100709.0,11.53,11.53,11.29,11.29,0.0,0.0,0.0,0.0,0.0,0.0,0.0,0.0
VGP,20100710.0,11.435,5.67,5.575,5.645,0.0,0.0,0.0,0.0,0.0,0.0,0.0,0.0
VGP,20100711.0,11.3875,5.67,5.575,5.645,0.0,0.0,0.0,0.0,0.0,0.0,0.0,0.0
VGP,20100712.0,11.34,11.34,11.15,11.29,0.0,0.0,0.0,0.0,0.0,0.0,0.0,0.0
VGP,20100713.0,11.38,11.57,11.1,11.1,0.0,0.0,0.0,0.0,0.0,0.0,0.0,0.0
VGP,20100714.0,11.33,11.52,11.15,11.15,0.0,0.0,0.0,0.0,0.0,0.0,0.0,0.0
VGP,20100715.0,11.34,11.34,11.1,11.1,0.0,0.0,0.0,0.0,0.0,0.0,0.0,0.0
VGP,20100716.0,10.73,11.29,10.73,11.29,0.0,0.0,0.0,0.0,0.0,0.0,0.0,0.0
VGP,20100717.0,10.8,5.46,5.435,5.46,0.0,0.0,0.0,0.0,0.0,0.0,0.0,0.0
VGP,20100718.0,10.835,5.46,5.435,5.46,0.0,0.0,0.0,0.0,0.0,0.0,0.0,0.0
VGP,20100719.0,10.87,10.92,10.87,10.92,0.0,0.0,0.0,0.0,0.0,0.0,0.0,0.0
VGP,20100720.0,10.92,11.01,10.92,10.97,0.0,0.0,0.0,0.0,0.0,0.0,0.0,0.0
VGP,20100721.0,10.92,10.92,10.88,10.87,0.0,0.0,0.0,0.0,0.0,0.0,0.0,0.0
VGP,20100722.0,10.73,10.78,10.68,10.73,0.0,0.0,0.0,0.0,0.0,0.0,0.0,0.0
VGP,20100723.0,11.05,11.05,11.05,11.06,0.0,0.0,0.0,0.0,0.0,0.0,0.0,0.0
VGP,20100724.0,11.08,5.555,5.205,5.32,0.0,0.0,0.0,0.0,0.0,0.0,0.0,0.0
VGP,20100725.0,11.095,5.555,5.205,5.32,0.0,0.0,0.0,0.0,0.0,0.0,0.0,0.0
VGP,20100726.0,11.11,11.11,10.41,10.64,0.0,0.0,0.0,0.0,0.0,0.0,0.0,0.0
VGP,20100727.0,11.06,11.06,10.64,10.64,0.0,0.0,0.0,0.0,0.0,0.0,0.0,0.0
VGP,20100728.0,10.73,10.73,10.64,10.64,0.0,0.0,0.0,0.0,0.0,0.0,0.0,0.0
VGP,20100729.0,10.64,10.69,10.64,10.69,0.0,0.0,0.0,0.0,0.0,0.0,0.0,0.0
VGP,20100730.0,10.64,10.64,10.64,10.64,0.0,0.0,0.0,0.0,0.0,0.0,0.0,0.0
VGP,20100731.0,10.41,5.205,5.09,5.205,0.0,0.0,0.0,0.0,0.0,0.0,0.0,0.0
VGP,20100732.0,10.295,5.205,5.09,5.205,0.0,0.0,0.0,0.0,0.0,0.0,0.0,0.0
VGP,20100733.0,10.2375,5.205,5.09,5.205,0.0,0.0,0.0,0.0,0.0,0.0,0.0,0.0
VGP,20100734.0,10.20875,5.205,5.09,5.205,0.0,0.0,0.0,0.0,0.0,0.0,0.0,0.0
VGP,20100735.0,10.194375,5.205,5.09,5.205,0.0,0.0,0.0,0.0,0.0,0.0,0.0,0.0
VGP,20100736.0,10.1871875,5.205,5.09,5.205,0.0,0.0,0.0,0.0,0.0,0.0,0.0,0.0
VGP,20100737.0,10.18359375,5.205,5.09,5.205,0.0,0.0,0.0,0.0,0.0,0.0,0.0,0.0
VGP,20100738.0,10.181796875,5.205,5.09,5.205,0.0,0.0,0.0,0.0,0.0,0.0,0.0,0.0
VGP,20100739.0,10.1808984375,5.205,5.09,5.205,0.0,0.0,0.0,0.0,0.0,0.0,0.0,0.0
VGP,20100740.0,10.1804492187,5.205,5.09,5.205,0.0,0.0,0.0,0.0,0.0,0.0,0.0,0.0
VGP,20100741.0,10.1802246094,5.205,5.09,5.205,0.0,0.0,0.0,0.0,0.0,0.0,0.0,0.0
VGP,20100742.0,10.1801123047,5.205,5.09,5.205,0.0,0.0,0.0,0.0,0.0,0.0,0.0,0.0
VGP,20100743.0,10.1800561523,5.205,5.09,5.205,0.0,0.0,0.0,0.0,0.0,0.0,0.0,0.0
VGP,20100744.0,10.1800280762,5.205,5.09,5.205,0.0,0.0,0.0,0.0,0.0,0.0,0.0,0.0
VGP,20100745.0,10.1800140381,5.205,5.09,5.205,0.0,0.0,0.0,0.0,0.0,0.0,0.0,0.0
VGP,20100746.0,10.180007019,5.205,5.09,5.205,0.0,0.0,0.0,0.0,0.0,0.0,0.0,0.0
VGP,20100747.0,10.1800035095,5.205,5.09,5.205,0.0,0.0,0.0,0.0,0.0,0.0,0.0,0.0
VGP,20100748.0,10.1800017548,5.205,5.09,5.205,0.0,0.0,0.0,0.0,0.0,0.0,0.0,0.0
VGP,20100749.0,10.1800008774,5.205,5.09,5.205,0.0,0.0,0.0,0.0,0.0,0.0,0.0,0.0
VGP,20100750.0,10.1800004387,5.205,5.09,5.205,0.0,0.0,0.0,0.0,0.0,0.0,0.0,0.0
VGP,20100751.0,10.1800002193,5.205,5.09,5.205,0.0,0.0,0.0,0.0,0.0,0.0,0.0,0.0
VGP,20100752.0,10.1800001097,5.205,5.09,5.205,0.0,0.0,0.0,0.0,0.0,0.0,0.0,0.0
VGP,20100753.0,10.1800000548,5.205,5.09,5.205,0.0,0.0,0.0,0.0,0.0,0.0,0.0,0.0
VGP,20100754.0,10.1800000274,5.205,5.09,5.205,0.0,0.0,0.0,0.0,0.0,0.0,0.0,0.0
VGP,20100755.0,10.1800000137,5.205,5.09,5.205,0.0,0.0,0.0,0.0,0.0,0.0,0.0,0.0
VGP,20100756.0,10.1800000069,5.205,5.09,5.205,0.0,0.0,0.0,0.0,0.0,0.0,0.0,0.0
VGP,20100757.0,10.1800000034,5.205,5.09,5.205,0.0,0.0,0.0,0.0,0.0,0.0,0.0,0.0
VGP,20100758.0,10.1800000017,5.205,5.09,5.205,0.0,0.0,0.0,0.0,0.0,0.0,0.0,0.0
VGP,20100759.0,10.1800000009,5.205,5.09,5.205,0.0,0.0,0.0,0.0,0.0,0.0,0.0,0.0
VGP,20100760.0,10.1800000004,5.205,5.09,5.205,0.0,0.0,0.0,0.0,0.0,0.0,0.0,0.0
VGP,20100761.0,10.1800000002,5.205,5.09,5.205,0.0,0.0,0.0,0.0,0.0,0.0,0.0,0.0
VGP,20100762.0,10.1800000001,5.205,5.09,5.205,0.0,0.0,0.0,0.0,0.0,0.0,0.0,0.0
VGP,20100763.0,10.1800000001,5.205,5.09,5.205,0.0,0.0,0.0,0.0,0.0,0.0,0.0,0.0
VGP,20100764.0,10.18,5.205,5.09,5.205,0.0,0.0,0.0,0.0,0.0,0.0,0.0,0.0
VGP,20100765.0,10.18,5.205,5.09,5.205,0.0,0.0,0.0,0.0,0.0,0.0,0.0,0.0
VGP,20100766.0,10.18,5.205,5.09,5.205,0.0,0.0,0.0,0.0,0.0,0.0,0.0,0.0
VGP,20100767.0,10.18,5.205,5.09,5.205,0.0,0.0,0.0,0.0,0.0,0.0,0.0,0.0
VGP,20100768.0,10.18,5.205,5.09,5.205,0.0,0.0,0.0,0.0,0.0,0.0,0.0,0.0
VGP,20100769.0,10.18,5.205,5.09,5.205,0.0,0.0,0.0,0.0,0.0,0.0,0.0,0.0
VGP,20100770.0,10.18,5.205,5.09,5.205,0.0,0.0,0.0,0.0,0.0,0.0,0.0,0.0
VGP,20100771.0,10.18,5.205,5.09,5.205,0.0,0.0,0.0,0.0,0.0,0.0,0.0,0.0
VGP,20100772.0,10.18,5.205,5.09,5.205,0.0,0.0,0.0,0.0,0.0,0.0,0.0,0.0
VGP,20100773.0,10.18,5.205,5.09,5.205,0.0,0.0,0.0,0.0,0.0,0.0,0.0,0.0
VGP,20100774.0,10.18,5.205,5.09,5.205,0.0,0.0,0.0,0.0,0.0,0.0,0.0,0.0
VGP,20100775.0,10.18,5.205,5.09,5.205,0.0,0.0,0.0,0.0,0.0,0.0,0.0,0.0
VGP,20100776.0,10.18,5.205,5.09,5.205,0.0,0.0,0.0,0.0,0.0,0.0,0.0,0.0
VGP,20100777.0,10.18,5.205,5.09,5.205,0.0,0.0,0.0,0.0,0.0,0.0,0.0,0.0
VGP,20100778.0,10.18,5.205,5.09,5.205,0.0,0.0,0.0,0.0,0.0,0.0,0.0,0.0
VGP,20100779.0,10.18,5.205,5.09,5.205,0.0,0.0,0.0,0.0,0.0,0.0,0.0,0.0
VGP,20100780.0,10.18,5.205,5.09,5.205,0.0,0.0,0.0,0.0,0.0,0.0,0.0,0.0
VGP,20100781.0,10.18,5.205,5.09,5.205,0.0,0.0,0.0,0.0,0.0,0.0,0.0,0.0
VGP,20100782.0,10.18,5.205,5.09,5.205,0.0,0.0,0.0,0.0,0.0,0.0,0.0,0.0
VGP,20100783.0,10.18,5.205,5.09,5.205,0.0,0.0,0.0,0.0,0.0,0.0,0.0,0.0
VGP,20100784.0,10.18,5.205,5.09,5.205,0.0,0.0,0.0,0.0,0.0,0.0,0.0,0.0
VGP,20100785.0,10.18,5.205,5.09,5.205,0.0,0.0,0.0,0.0,0.0,0.0,0.0,0.0
VGP,20100786.0,10.18,5.205,5.09,5.205,0.0,0.0,0.0,0.0,0.0,0.0,0.0,0.0
VGP,20100787.0,10.18,5.205,5.09,5.205,0.0,0.0,0.0,0.0,0.0,0.0,0.0,0.0
VGP,20100788.0,10.18,5.205,5.09,5.205,0.0,0.0,0.0,0.0,0.0,0.0,0.0,0.0
VGP,20100789.0,10.18,5.205,5.09,5.205,0.0,0.0,0.0,0.0,0.0,0.0,0.0,0.0
VGP,20100790.0,10.18,5.205,5.09,5.205,0.0,0.0,0.0,0.0,0.0,0.0,0.0,0.0
VGP,20100791.0,10.18,5.205,5.09,5.205,0.0,0.0,0.0,0.0,0.0,0.0,0.0,0.0
VGP,20100792.0,10.18,5.205,5.09,5.205,0.0,0.0,0.0,0.0,0.0,0.0,0.0,0.0
VGP,20100793.0,10.18,5.205,5.09,5.205,0.0,0.0,0.0,0.0,0.0,0.0,0.0,0.0
VGP,20100794.0,10.18,5.205,5.09,5.205,0.0,0.0,0.0,0.0,0.0,0.0,0.0,0.0
VGP,20100795.0,10.18,5.205,5.09,5.205,0.0,0.0,0.0,0.0,0.0,0.0,0.0,0.0
VGP,20100796.0,10.18,5.205,5.09,5.205,0.0,0.0,0.0,0.0,0.0,0.0,0.0,0.0
VGP,20100797.0,10.18,5.205,5.09,5.205,0.0,0.0,0.0,0.0,0.0,0.0,0.0,0.0
VGP,20100798.0,10.18,5.205,5.09,5.205,0.0,0.0,0.0,0.0,0.0,0.0,0.0,0.0
VGP,20100799.0,10.18,5.205,5.09,5.205,0.0,0.0,0.0,0.0,0.0,0.0,0.0,0.0
VGP,20100800.0,10.18,5.205,5.09,5.205,0.0,0.0,0.0,0.0,0.0,0.0,0.0,0.0
VGP,20100801.0,10.18,5.205,5.09,5.205,0.0,0.0,0.0,0.0,0.0,0.0,0.0,0.0
VGP,20100802.0,10.18,10.41,10.18,10.41,0.0,0.0,0.0,0.0,0.0,0.0,0.0,0.0
VGP,20100803.0,10.55,10.55,10.55,10.55,0.0,0.0,0.0,0.0,0.0,0.0,0.0,0.0
VGP,20100804.0,10.64,10.64,10.6,10.6,0.0,0.0,0.0,0.0,0.0,0.0,0.0,0.0
VGP,20100805.0,10.65,10.65,10.23,10.23,0.0,0.0,0.0,0.0,0.0,0.0,0.0,0.0
VGP,20100806.0,10.42,10.42,10.42,10.41,0.0,0.0,0.0,0.0,0.0,0.0,0.0,0.0
VGP,20100807.0,10.415,5.205,5.065,5.065,0.0,0.0,0.0,0.0,0.0,0.0,0.0,0.0
VGP,20100808.0,10.4125,5.205,5.065,5.065,0.0,0.0,0.0,0.0,0.0,0.0,0.0,0.0
VGP,20100809.0,10.41,10.41,10.13,10.13,0.0,0.0,0.0,0.0,0.0,0.0,0.0,0.0
VGP,20100810.0,10.18,10.18,9.53,9.72,0.0,0.0,0.0,0.0,0.0,0.0,0.0,0.0
VGP,20100811.0,9.81,9.95,9.81,9.95,0.0,0.0,0.0,0.0,0.0,0.0,0.0,0.0
VGP,20100812.0,9.765,4.86,4.86,4.86,0.0,0.0,0.0,0.0,0.0,0.0,0.0,0.0
VGP,20100813.0,9.72,9.72,9.72,9.72,0.0,0.0,0.0,0.0,0.0,0.0,0.0,0.0
VGP,20100814.0,9.72,4.975,4.86,4.88,0.0,0.0,0.0,0.0,0.0,0.0,0.0,0.0
VGP,20100815.0,9.72,4.975,4.86,4.88,0.0,0.0,0.0,0.0,0.0,0.0,0.0,0.0
VGP,20100816.0,9.72,9.95,9.72,9.76,0.0,0.0,0.0,0.0,0.0,0.0,0.0,0.0
VGP,20100817.0,9.95,9.95,9.95,9.95,0.0,0.0,0.0,0.0,0.0,0.0,0.0,0.0
VGP,20100818.0,9.95,9.95,9.72,9.72,0.0,0.0,0.0,0.0,0.0,0.0,0.0,0.0
VGP,20100819.0,9.86,9.86,9.72,9.72,0.0,0.0,0.0,0.0,0.0,0.0,0.0,0.0
VGP,20100820.0,9.21,9.81,9.21,9.81,0.0,0.0,0.0,0.0,0.0,0.0,0.0,0.0
VGP,20100821.0,9.465,4.86,4.51,4.51,0.0,0.0,0.0,0.0,0.0,0.0,0.0,0.0
VGP,20100822.0,9.5925,4.86,4.51,4.51,0.0,0.0,0.0,0.0,0.0,0.0,0.0,0.0
VGP,20100823.0,9.72,9.72,9.02,9.02,0.0,0.0,0.0,0.0,0.0,0.0,0.0,0.0
VGP,20100824.0,8.6,8.6,8.6,8.61,0.0,0.0,0.0,0.0,0.0,0.0,0.0,0.0
VGP,20100825.0,8.33,8.33,8.33,8.33,0.0,0.0,0.0,0.0,0.0,0.0,0.0,0.0
VGP,20100826.0,8.79,8.79,8.79,8.79,0.0,0.0,0.0,0.0,0.0,0.0,0.0,0.0
VGP,20100827.0,8.79,8.79,8.51,8.51,0.0,0.0,0.0,0.0,0.0,0.0,0.0,0.0
VGP,20100828.0,9.02,4.695,4.395,4.395,0.0,0.0,0.0,0.0,0.0,0.0,0.0,0.0
VGP,20100829.0,9.135,4.695,4.395,4.395,0.0,0.0,0.0,0.0,0.0,0.0,0.0,0.0
VGP,20100830.0,9.25,9.39,8.79,8.79,0.0,0.0,0.0,0.0,0.0,0.0,0.0,0.0
VGP,20100831.0,9.16,9.21,9.16,9.16,0.0,0.0,0.0,0.0,0.0,0.0,0.0,0.0
VGP,20100832.0,9.44,4.86,4.51,4.535,0.0,0.0,0.0,0.0,0.0,0.0,0.0,0.0
VGP,20100833.0,9.58,4.86,4.51,4.535,0.0,0.0,0.0,0.0,0.0,0.0,0.0,0.0
VGP,20100834.0,9.65,4.86,4.51,4.535,0.0,0.0,0.0,0.0,0.0,0.0,0.0,0.0
VGP,20100835.0,9.685,4.86,4.51,4.535,0.0,0.0,0.0,0.0,0.0,0.0,0.0,0.0
VGP,20100836.0,9.7025,4.86,4.51,4.535,0.0,0.0,0.0,0.0,0.0,0.0,0.0,0.0
VGP,20100837.0,9.71125,4.86,4.51,4.535,0.0,0.0,0.0,0.0,0.0,0.0,0.0,0.0
VGP,20100838.0,9.715625,4.86,4.51,4.535,0.0,0.0,0.0,0.0,0.0,0.0,0.0,0.0
VGP,20100839.0,9.7178125,4.86,4.51,4.535,0.0,0.0,0.0,0.0,0.0,0.0,0.0,0.0
VGP,20100840.0,9.71890625,4.86,4.51,4.535,0.0,0.0,0.0,0.0,0.0,0.0,0.0,0.0
VGP,20100841.0,9.719453125,4.86,4.51,4.535,0.0,0.0,0.0,0.0,0.0,0.0,0.0,0.0
VGP,20100842.0,9.7197265625,4.86,4.51,4.535,0.0,0.0,0.0,0.0,0.0,0.0,0.0,0.0
VGP,20100843.0,9.71986328125,4.86,4.51,4.535,0.0,0.0,0.0,0.0,0.0,0.0,0.0,0.0
VGP,20100844.0,9.71993164062,4.86,4.51,4.535,0.0,0.0,0.0,0.0,0.0,0.0,0.0,0.0
VGP,20100845.0,9.71996582031,4.86,4.51,4.535,0.0,0.0,0.0,0.0,0.0,0.0,0.0,0.0
VGP,20100846.0,9.71998291016,4.86,4.51,4.535,0.0,0.0,0.0,0.0,0.0,0.0,0.0,0.0
VGP,20100847.0,9.71999145508,4.86,4.51,4.535,0.0,0.0,0.0,0.0,0.0,0.0,0.0,0.0
VGP,20100848.0,9.71999572754,4.86,4.51,4.535,0.0,0.0,0.0,0.0,0.0,0.0,0.0,0.0
VGP,20100849.0,9.71999786377,4.86,4.51,4.535,0.0,0.0,0.0,0.0,0.0,0.0,0.0,0.0
VGP,20100850.0,9.71999893188,4.86,4.51,4.535,0.0,0.0,0.0,0.0,0.0,0.0,0.0,0.0
VGP,20100851.0,9.71999946594,4.86,4.51,4.535,0.0,0.0,0.0,0.0,0.0,0.0,0.0,0.0
VGP,20100852.0,9.71999973297,4.86,4.51,4.535,0.0,0.0,0.0,0.0,0.0,0.0,0.0,0.0
VGP,20100853.0,9.71999986649,4.86,4.51,4.535,0.0,0.0,0.0,0.0,0.0,0.0,0.0,0.0
VGP,20100854.0,9.71999993324,4.86,4.51,4.535,0.0,0.0,0.0,0.0,0.0,0.0,0.0,0.0
VGP,20100855.0,9.71999996662,4.86,4.51,4.535,0.0,0.0,0.0,0.0,0.0,0.0,0.0,0.0
VGP,20100856.0,9.71999998331,4.86,4.51,4.535,0.0,0.0,0.0,0.0,0.0,0.0,0.0,0.0
VGP,20100857.0,9.71999999166,4.86,4.51,4.535,0.0,0.0,0.0,0.0,0.0,0.0,0.0,0.0
VGP,20100858.0,9.71999999583,4.86,4.51,4.535,0.0,0.0,0.0,0.0,0.0,0.0,0.0,0.0
VGP,20100859.0,9.71999999791,4.86,4.51,4.535,0.0,0.0,0.0,0.0,0.0,0.0,0.0,0.0
VGP,20100860.0,9.71999999896,4.86,4.51,4.535,0.0,0.0,0.0,0.0,0.0,0.0,0.0,0.0
VGP,20100861.0,9.71999999948,4.86,4.51,4.535,0.0,0.0,0.0,0.0,0.0,0.0,0.0,0.0
VGP,20100862.0,9.71999999974,4.86,4.51,4.535,0.0,0.0,0.0,0.0,0.0,0.0,0.0,0.0
VGP,20100863.0,9.71999999987,4.86,4.51,4.535,0.0,0.0,0.0,0.0,0.0,0.0,0.0,0.0
VGP,20100864.0,9.71999999993,4.86,4.51,4.535,0.0,0.0,0.0,0.0,0.0,0.0,0.0,0.0
VGP,20100865.0,9.71999999997,4.86,4.51,4.535,0.0,0.0,0.0,0.0,0.0,0.0,0.0,0.0
VGP,20100866.0,9.71999999998,4.86,4.51,4.535,0.0,0.0,0.0,0.0,0.0,0.0,0.0,0.0
VGP,20100867.0,9.71999999999,4.86,4.51,4.535,0.0,0.0,0.0,0.0,0.0,0.0,0.0,0.0
VGP,20100868.0,9.72,4.86,4.51,4.535,0.0,0.0,0.0,0.0,0.0,0.0,0.0,0.0
VGP,20100869.0,9.72,4.86,4.51,4.535,0.0,0.0,0.0,0.0,0.0,0.0,0.0,0.0
VGP,20100870.0,9.72,4.86,4.51,4.535,0.0,0.0,0.0,0.0,0.0,0.0,0.0,0.0
VGP,20100871.0,9.72,4.86,4.51,4.535,0.0,0.0,0.0,0.0,0.0,0.0,0.0,0.0
VGP,20100872.0,9.72,4.86,4.51,4.535,0.0,0.0,0.0,0.0,0.0,0.0,0.0,0.0
VGP,20100873.0,9.72,4.86,4.51,4.535,0.0,0.0,0.0,0.0,0.0,0.0,0.0,0.0
VGP,20100874.0,9.72,4.86,4.51,4.535,0.0,0.0,0.0,0.0,0.0,0.0,0.0,0.0
VGP,20100875.0,9.72,4.86,4.51,4.535,0.0,0.0,0.0,0.0,0.0,0.0,0.0,0.0
VGP,20100876.0,9.72,4.86,4.51,4.535,0.0,0.0,0.0,0.0,0.0,0.0,0.0,0.0
VGP,20100877.0,9.72,4.86,4.51,4.535,0.0,0.0,0.0,0.0,0.0,0.0,0.0,0.0
VGP,20100878.0,9.72,4.86,4.51,4.535,0.0,0.0,0.0,0.0,0.0,0.0,0.0,0.0
VGP,20100879.0,9.72,4.86,4.51,4.535,0.0,0.0,0.0,0.0,0.0,0.0,0.0,0.0
VGP,20100880.0,9.72,4.86,4.51,4.535,0.0,0.0,0.0,0.0,0.0,0.0,0.0,0.0
VGP,20100881.0,9.72,4.86,4.51,4.535,0.0,0.0,0.0,0.0,0.0,0.0,0.0,0.0
VGP,20100882.0,9.72,4.86,4.51,4.535,0.0,0.0,0.0,0.0,0.0,0.0,0.0,0.0
VGP,20100883.0,9.72,4.86,4.51,4.535,0.0,0.0,0.0,0.0,0.0,0.0,0.0,0.0
VGP,20100884.0,9.72,4.86,4.51,4.535,0.0,0.0,0.0,0.0,0.0,0.0,0.0,0.0
VGP,20100885.0,9.72,4.86,4.51,4.535,0.0,0.0,0.0,0.0,0.0,0.0,0.0,0.0
VGP,20100886.0,9.72,4.86,4.51,4.535,0.0,0.0,0.0,0.0,0.0,0.0,0.0,0.0
VGP,20100887.0,9.72,4.86,4.51,4.535,0.0,0.0,0.0,0.0,0.0,0.0,0.0,0.0
VGP,20100888.0,9.72,4.86,4.51,4.535,0.0,0.0,0.0,0.0,0.0,0.0,0.0,0.0
VGP,20100889.0,9.72,4.86,4.51,4.535,0.0,0.0,0.0,0.0,0.0,0.0,0.0,0.0
VGP,20100890.0,9.72,4.86,4.51,4.535,0.0,0.0,0.0,0.0,0.0,0.0,0.0,0.0
VGP,20100891.0,9.72,4.86,4.51,4.535,0.0,0.0,0.0,0.0,0.0,0.0,0.0,0.0
VGP,20100892.0,9.72,4.86,4.51,4.535,0.0,0.0,0.0,0.0,0.0,0.0,0.0,0.0
VGP,20100893.0,9.72,4.86,4.51,4.535,0.0,0.0,0.0,0.0,0.0,0.0,0.0,0.0
VGP,20100894.0,9.72,4.86,4.51,4.535,0.0,0.0,0.0,0.0,0.0,0.0,0.0,0.0
VGP,20100895.0,9.72,4.86,4.51,4.535,0.0,0.0,0.0,0.0,0.0,0.0,0.0,0.0
VGP,20100896.0,9.72,4.86,4.51,4.535,0.0,0.0,0.0,0.0,0.0,0.0,0.0,0.0
VGP,20100897.0,9.72,4.86,4.51,4.535,0.0,0.0,0.0,0.0,0.0,0.0,0.0,0.0
VGP,20100898.0,9.72,4.86,4.51,4.535,0.0,0.0,0.0,0.0,0.0,0.0,0.0,0.0
VGP,20100899.0,9.72,4.86,4.51,4.535,0.0,0.0,0.0,0.0,0.0,0.0,0.0,0.0
VGP,20100900.0,9.72,4.86,4.51,4.535,0.0,0.0,0.0,0.0,0.0,0.0,0.0,0.0
VGP,20100901.0,9.72,9.72,9.02,9.07,0.0,0.0,0.0,0.0,0.0,0.0,0.0,0.0
VGP,20100902.0,9.74,4.975,4.63,4.745,0.0,0.0,0.0,0.0,0.0,0.0,0.0,0.0
VGP,20100903.0,9.75,4.975,4.63,4.745,0.0,0.0,0.0,0.0,0.0,0.0,0.0,0.0
VGP,20100904.0,9.755,4.975,4.63,4.745,0.0,0.0,0.0,0.0,0.0,0.0,0.0,0.0
VGP,20100905.0,9.7575,4.975,4.63,4.745,0.0,0.0,0.0,0.0,0.0,0.0,0.0,0.0
VGP,20100906.0,9.76,9.95,9.26,9.49,0.0,0.0,0.0,0.0,0.0,0.0,0.0,0.0
VGP,20100907.0,9.58,9.63,8.98,8.98,0.0,0.0,0.0,0.0,0.0,0.0,0.0,0.0
VGP,20100908.0,8.79,8.98,8.61,8.7,0.0,0.0,0.0,0.0,0.0,0.0,0.0,0.0
VGP,20100909.0,9.21,9.21,8.14,8.14,0.0,0.0,0.0,0.0,0.0,0.0,0.0,0.0
VGP,20100910.0,8.79,8.79,7.82,7.82,0.0,0.0,0.0,0.0,0.0,0.0,0.0,0.0
VGP,20100911.0,8.56,4.165,3.7,4.025,0.0,0.0,0.0,0.0,0.0,0.0,0.0,0.0
VGP,20100912.0,8.445,4.165,3.7,4.025,0.0,0.0,0.0,0.0,0.0,0.0,0.0,0.0
VGP,20100913.0,8.33,8.33,7.4,8.05,0.0,0.0,0.0,0.0,0.0,0.0,0.0,0.0
VGP,20100914.0,8.14,8.14,8.0,8.14,0.0,0.0,0.0,0.0,0.0,0.0,0.0,0.0
VGP,20100915.0,8.32,8.65,8.32,8.33,0.0,0.0,0.0,0.0,0.0,0.0,0.0,0.0
VGP,20100916.0,8.33,8.56,8.1,8.42,0.0,0.0,0.0,0.0,0.0,0.0,0.0,0.0
VGP,20100917.0,8.56,8.56,8.19,8.42,0.0,0.0,0.0,0.0,0.0,0.0,0.0,0.0
VGP,20100918.0,8.63,4.35,4.095,4.095,0.0,0.0,0.0,0.0,0.0,0.0,0.0,0.0
VGP,20100919.0,8.665,4.35,4.095,4.095,0.0,0.0,0.0,0.0,0.0,0.0,0.0,0.0
VGP,20100920.0,8.7,8.7,8.19,8.19,0.0,0.0,0.0,0.0,0.0,0.0,0.0,0.0
VGP,20100921.0,8.19,8.28,7.96,8.1,0.0,0.0,0.0,0.0,0.0,0.0,0.0,0.0
VGP,20100922.0,8.33,8.38,8.15,8.14,0.0,0.0,0.0,0.0,0.0,0.0,0.0,0.0
VGP,20100923.0,8.09,8.14,7.86,8.05,0.0,0.0,0.0,0.0,0.0,0.0,0.0,0.0
VGP,20100924.0,8.1,8.14,8.1,8.1,0.0,0.0,0.0,0.0,0.0,0.0,0.0,0.0
VGP,20100925.0,8.195,4.145,4.05,4.05,0.0,0.0,0.0,0.0,0.0,0.0,0.0,0.0
VGP,20100926.0,8.2425,4.145,4.05,4.05,0.0,0.0,0.0,0.0,0.0,0.0,0.0,0.0
VGP,20100927.0,8.29,8.29,8.1,8.1,0.0,0.0,0.0,0.0,0.0,0.0,0.0,0.0
VGP,20100928.0,8.15,8.15,8.1,8.14,0.0,0.0,0.0,0.0,0.0,0.0,0.0,0.0
VGP,20100929.0,8.14,8.14,7.86,7.87,0.0,0.0,0.0,0.0,0.0,0.0,0.0,0.0
VGP,20100930.0,8.06,8.29,7.96,8.28,0.0,0.0,0.0,0.0,0.0,0.0,0.0,0.0
VGP,20100931.0,8.125,4.115,3.93,4.05,0.0,0.0,0.0,0.0,0.0,0.0,0.0,0.0
VGP,20100932.0,8.1575,4.115,3.93,4.05,0.0,0.0,0.0,0.0,0.0,0.0,0.0,0.0
VGP,20100933.0,8.17375,4.115,3.93,4.05,0.0,0.0,0.0,0.0,0.0,0.0,0.0,0.0
VGP,20100934.0,8.181875,4.115,3.93,4.05,0.0,0.0,0.0,0.0,0.0,0.0,0.0,0.0
VGP,20100935.0,8.1859375,4.115,3.93,4.05,0.0,0.0,0.0,0.0,0.0,0.0,0.0,0.0
VGP,20100936.0,8.18796875,4.115,3.93,4.05,0.0,0.0,0.0,0.0,0.0,0.0,0.0,0.0
VGP,20100937.0,8.188984375,4.115,3.93,4.05,0.0,0.0,0.0,0.0,0.0,0.0,0.0,0.0
VGP,20100938.0,8.1894921875,4.115,3.93,4.05,0.0,0.0,0.0,0.0,0.0,0.0,0.0,0.0
VGP,20100939.0,8.18974609375,4.115,3.93,4.05,0.0,0.0,0.0,0.0,0.0,0.0,0.0,0.0
VGP,20100940.0,8.18987304688,4.115,3.93,4.05,0.0,0.0,0.0,0.0,0.0,0.0,0.0,0.0
VGP,20100941.0,8.18993652344,4.115,3.93,4.05,0.0,0.0,0.0,0.0,0.0,0.0,0.0,0.0
VGP,20100942.0,8.18996826172,4.115,3.93,4.05,0.0,0.0,0.0,0.0,0.0,0.0,0.0,0.0
VGP,20100943.0,8.18998413086,4.115,3.93,4.05,0.0,0.0,0.0,0.0,0.0,0.0,0.0,0.0
VGP,20100944.0,8.18999206543,4.115,3.93,4.05,0.0,0.0,0.0,0.0,0.0,0.0,0.0,0.0
VGP,20100945.0,8.18999603271,4.115,3.93,4.05,0.0,0.0,0.0,0.0,0.0,0.0,0.0,0.0
VGP,20100946.0,8.18999801636,4.115,3.93,4.05,0.0,0.0,0.0,0.0,0.0,0.0,0.0,0.0
VGP,20100947.0,8.18999900818,4.115,3.93,4.05,0.0,0.0,0.0,0.0,0.0,0.0,0.0,0.0
VGP,20100948.0,8.18999950409,4.115,3.93,4.05,0.0,0.0,0.0,0.0,0.0,0.0,0.0,0.0
VGP,20100949.0,8.18999975204,4.115,3.93,4.05,0.0,0.0,0.0,0.0,0.0,0.0,0.0,0.0
VGP,20100950.0,8.18999987602,4.115,3.93,4.05,0.0,0.0,0.0,0.0,0.0,0.0,0.0,0.0
VGP,20100951.0,8.18999993801,4.115,3.93,4.05,0.0,0.0,0.0,0.0,0.0,0.0,0.0,0.0
VGP,20100952.0,8.18999996901,4.115,3.93,4.05,0.0,0.0,0.0,0.0,0.0,0.0,0.0,0.0
VGP,20100953.0,8.1899999845,4.115,3.93,4.05,0.0,0.0,0.0,0.0,0.0,0.0,0.0,0.0
VGP,20100954.0,8.18999999225,4.115,3.93,4.05,0.0,0.0,0.0,0.0,0.0,0.0,0.0,0.0
VGP,20100955.0,8.18999999613,4.115,3.93,4.05,0.0,0.0,0.0,0.0,0.0,0.0,0.0,0.0
VGP,20100956.0,8.18999999806,4.115,3.93,4.05,0.0,0.0,0.0,0.0,0.0,0.0,0.0,0.0
VGP,20100957.0,8.18999999903,4.115,3.93,4.05,0.0,0.0,0.0,0.0,0.0,0.0,0.0,0.0
VGP,20100958.0,8.18999999952,4.115,3.93,4.05,0.0,0.0,0.0,0.0,0.0,0.0,0.0,0.0
VGP,20100959.0,8.18999999976,4.115,3.93,4.05,0.0,0.0,0.0,0.0,0.0,0.0,0.0,0.0
VGP,20100960.0,8.18999999988,4.115,3.93,4.05,0.0,0.0,0.0,0.0,0.0,0.0,0.0,0.0
VGP,20100961.0,8.18999999994,4.115,3.93,4.05,0.0,0.0,0.0,0.0,0.0,0.0,0.0,0.0
VGP,20100962.0,8.18999999997,4.115,3.93,4.05,0.0,0.0,0.0,0.0,0.0,0.0,0.0,0.0
VGP,20100963.0,8.18999999998,4.115,3.93,4.05,0.0,0.0,0.0,0.0,0.0,0.0,0.0,0.0
VGP,20100964.0,8.18999999999,4.115,3.93,4.05,0.0,0.0,0.0,0.0,0.0,0.0,0.0,0.0
VGP,20100965.0,8.19,4.115,3.93,4.05,0.0,0.0,0.0,0.0,0.0,0.0,0.0,0.0
VGP,20100966.0,8.19,4.115,3.93,4.05,0.0,0.0,0.0,0.0,0.0,0.0,0.0,0.0
VGP,20100967.0,8.19,4.115,3.93,4.05,0.0,0.0,0.0,0.0,0.0,0.0,0.0,0.0
VGP,20100968.0,8.19,4.115,3.93,4.05,0.0,0.0,0.0,0.0,0.0,0.0,0.0,0.0
VGP,20100969.0,8.19,4.115,3.93,4.05,0.0,0.0,0.0,0.0,0.0,0.0,0.0,0.0
VGP,20100970.0,8.19,4.115,3.93,4.05,0.0,0.0,0.0,0.0,0.0,0.0,0.0,0.0
VGP,20100971.0,8.19,4.115,3.93,4.05,0.0,0.0,0.0,0.0,0.0,0.0,0.0,0.0
VGP,20100972.0,8.19,4.115,3.93,4.05,0.0,0.0,0.0,0.0,0.0,0.0,0.0,0.0
VGP,20100973.0,8.19,4.115,3.93,4.05,0.0,0.0,0.0,0.0,0.0,0.0,0.0,0.0
VGP,20100974.0,8.19,4.115,3.93,4.05,0.0,0.0,0.0,0.0,0.0,0.0,0.0,0.0
VGP,20100975.0,8.19,4.115,3.93,4.05,0.0,0.0,0.0,0.0,0.0,0.0,0.0,0.0
VGP,20100976.0,8.19,4.115,3.93,4.05,0.0,0.0,0.0,0.0,0.0,0.0,0.0,0.0
VGP,20100977.0,8.19,4.115,3.93,4.05,0.0,0.0,0.0,0.0,0.0,0.0,0.0,0.0
VGP,20100978.0,8.19,4.115,3.93,4.05,0.0,0.0,0.0,0.0,0.0,0.0,0.0,0.0
VGP,20100979.0,8.19,4.115,3.93,4.05,0.0,0.0,0.0,0.0,0.0,0.0,0.0,0.0
VGP,20100980.0,8.19,4.115,3.93,4.05,0.0,0.0,0.0,0.0,0.0,0.0,0.0,0.0
VGP,20100981.0,8.19,4.115,3.93,4.05,0.0,0.0,0.0,0.0,0.0,0.0,0.0,0.0
VGP,20100982.0,8.19,4.115,3.93,4.05,0.0,0.0,0.0,0.0,0.0,0.0,0.0,0.0
VGP,20100983.0,8.19,4.115,3.93,4.05,0.0,0.0,0.0,0.0,0.0,0.0,0.0,0.0
VGP,20100984.0,8.19,4.115,3.93,4.05,0.0,0.0,0.0,0.0,0.0,0.0,0.0,0.0
VGP,20100985.0,8.19,4.115,3.93,4.05,0.0,0.0,0.0,0.0,0.0,0.0,0.0,0.0
VGP,20100986.0,8.19,4.115,3.93,4.05,0.0,0.0,0.0,0.0,0.0,0.0,0.0,0.0
VGP,20100987.0,8.19,4.115,3.93,4.05,0.0,0.0,0.0,0.0,0.0,0.0,0.0,0.0
VGP,20100988.0,8.19,4.115,3.93,4.05,0.0,0.0,0.0,0.0,0.0,0.0,0.0,0.0
VGP,20100989.0,8.19,4.115,3.93,4.05,0.0,0.0,0.0,0.0,0.0,0.0,0.0,0.0
VGP,20100990.0,8.19,4.115,3.93,4.05,0.0,0.0,0.0,0.0,0.0,0.0,0.0,0.0
VGP,20100991.0,8.19,4.115,3.93,4.05,0.0,0.0,0.0,0.0,0.0,0.0,0.0,0.0
VGP,20100992.0,8.19,4.115,3.93,4.05,0.0,0.0,0.0,0.0,0.0,0.0,0.0,0.0
VGP,20100993.0,8.19,4.115,3.93,4.05,0.0,0.0,0.0,0.0,0.0,0.0,0.0,0.0
VGP,20100994.0,8.19,4.115,3.93,4.05,0.0,0.0,0.0,0.0,0.0,0.0,0.0,0.0
VGP,20100995.0,8.19,4.115,3.93,4.05,0.0,0.0,0.0,0.0,0.0,0.0,0.0,0.0
VGP,20100996.0,8.19,4.115,3.93,4.05,0.0,0.0,0.0,0.0,0.0,0.0,0.0,0.0
VGP,20100997.0,8.19,4.115,3.93,4.05,0.0,0.0,0.0,0.0,0.0,0.0,0.0,0.0
VGP,20100998.0,8.19,4.115,3.93,4.05,0.0,0.0,0.0,0.0,0.0,0.0,0.0,0.0
VGP,20100999.0,8.19,4.115,3.93,4.05,0.0,0.0,0.0,0.0,0.0,0.0,0.0,0.0
VGP,20101000.0,8.19,4.115,3.93,4.05,0.0,0.0,0.0,0.0,0.0,0.0,0.0,0.0
VGP,20101001.0,8.19,8.23,7.86,8.1,0.0,0.0,0.0,0.0,0.0,0.0,0.0,0.0
VGP,20101002.0,7.865,3.77,3.77,3.77,0.0,0.0,0.0,0.0,0.0,0.0,0.0,0.0
VGP,20101003.0,7.7025,3.77,3.77,3.77,0.0,0.0,0.0,0.0,0.0,0.0,0.0,0.0
VGP,20101004.0,7.54,7.54,7.54,7.54,0.0,0.0,0.0,0.0,0.0,0.0,0.0,0.0
VGP,20101005.0,8.0,8.0,7.4,7.63,0.0,0.0,0.0,0.0,0.0,0.0,0.0,0.0
VGP,20101006.0,7.86,7.95,7.68,7.96,0.0,0.0,0.0,0.0,0.0,0.0,0.0,0.0
VGP,20101007.0,7.87,7.91,7.82,7.87,0.0,0.0,0.0,0.0,0.0,0.0,0.0,0.0
VGP,20101008.0,7.87,7.92,7.82,7.87,0.0,0.0,0.0,0.0,0.0,0.0,0.0,0.0
VGP,20101009.0,7.87,3.98,3.84,3.84,0.0,0.0,0.0,0.0,0.0,0.0,0.0,0.0
VGP,20101010.0,7.87,3.98,3.84,3.84,0.0,0.0,0.0,0.0,0.0,0.0,0.0,0.0
VGP,20101011.0,7.87,7.96,7.68,7.68,0.0,0.0,0.0,0.0,0.0,0.0,0.0,0.0
VGP,20101012.0,7.91,8.33,7.91,8.33,0.0,0.0,0.0,0.0,0.0,0.0,0.0,0.0
VGP,20101013.0,8.1,8.28,8.1,8.28,0.0,0.0,0.0,0.0,0.0,0.0,0.0,0.0
VGP,20101014.0,8.33,8.56,8.33,8.37,0.0,0.0,0.0,0.0,0.0,0.0,0.0,0.0
VGP,20101015.0,8.46,8.74,8.46,8.56,0.0,0.0,0.0,0.0,0.0,0.0,0.0,0.0
VGP,20101016.0,8.555,4.375,4.325,4.35,0.0,0.0,0.0,0.0,0.0,0.0,0.0,0.0
VGP,20101017.0,8.6025,4.375,4.325,4.35,0.0,0.0,0.0,0.0,0.0,0.0,0.0,0.0
VGP,20101018.0,8.65,8.75,8.65,8.7,0.0,0.0,0.0,0.0,0.0,0.0,0.0,0.0
VGP,20101019.0,8.7,8.7,8.7,8.7,0.0,0.0,0.0,0.0,0.0,0.0,0.0,0.0
VGP,20101020.0,8.24,8.24,8.1,8.1,0.0,0.0,0.0,0.0,0.0,0.0,0.0,0.0
VGP,20101021.0,8.15,8.15,7.64,7.77,0.0,0.0,0.0,0.0,0.0,0.0,0.0,0.0
VGP,20101022.0,8.32,8.32,8.32,8.33,0.0,0.0,0.0,0.0,0.0,0.0,0.0,0.0
VGP,20101023.0,8.095,3.935,3.885,3.885,0.0,0.0,0.0,0.0,0.0,0.0,0.0,0.0
VGP,20101024.0,7.9825,3.935,3.885,3.885,0.0,0.0,0.0,0.0,0.0,0.0,0.0,0.0
VGP,20101025.0,7.87,7.87,7.77,7.77,0.0,0.0,0.0,0.0,0.0,0.0,0.0,0.0
VGP,20101026.0,8.28,8.28,7.91,7.91,0.0,0.0,0.0,0.0,0.0,0.0,0.0,0.0
VGP,20101027.0,7.86,7.86,7.54,7.54,0.0,0.0,0.0,0.0,0.0,0.0,0.0,0.0
VGP,20101028.0,7.63,8.14,7.63,8.14,0.0,0.0,0.0,0.0,0.0,0.0,0.0,0.0
VGP,20101029.0,8.7,8.7,7.86,8.14,0.0,0.0,0.0,0.0,0.0,0.0,0.0,0.0
VGP,20101030.0,8.395,4.07,4.045,4.05,0.0,0.0,0.0,0.0,0.0,0.0,0.0,0.0
VGP,20101031.0,8.2425,4.07,4.045,4.05,0.0,0.0,0.0,0.0,0.0,0.0,0.0,0.0
VGP,20101032.0,8.16625,4.07,4.045,4.05,0.0,0.0,0.0,0.0,0.0,0.0,0.0,0.0
VGP,20101033.0,8.128125,4.07,4.045,4.05,0.0,0.0,0.0,0.0,0.0,0.0,0.0,0.0
VGP,20101034.0,8.1090625,4.07,4.045,4.05,0.0,0.0,0.0,0.0,0.0,0.0,0.0,0.0
VGP,20101035.0,8.09953125,4.07,4.045,4.05,0.0,0.0,0.0,0.0,0.0,0.0,0.0,0.0
VGP,20101036.0,8.094765625,4.07,4.045,4.05,0.0,0.0,0.0,0.0,0.0,0.0,0.0,0.0
VGP,20101037.0,8.0923828125,4.07,4.045,4.05,0.0,0.0,0.0,0.0,0.0,0.0,0.0,0.0
VGP,20101038.0,8.09119140625,4.07,4.045,4.05,0.0,0.0,0.0,0.0,0.0,0.0,0.0,0.0
VGP,20101039.0,8.09059570313,4.07,4.045,4.05,0.0,0.0,0.0,0.0,0.0,0.0,0.0,0.0
VGP,20101040.0,8.09029785156,4.07,4.045,4.05,0.0,0.0,0.0,0.0,0.0,0.0,0.0,0.0
VGP,20101041.0,8.09014892578,4.07,4.045,4.05,0.0,0.0,0.0,0.0,0.0,0.0,0.0,0.0
VGP,20101042.0,8.09007446289,4.07,4.045,4.05,0.0,0.0,0.0,0.0,0.0,0.0,0.0,0.0
VGP,20101043.0,8.09003723145,4.07,4.045,4.05,0.0,0.0,0.0,0.0,0.0,0.0,0.0,0.0
VGP,20101044.0,8.09001861572,4.07,4.045,4.05,0.0,0.0,0.0,0.0,0.0,0.0,0.0,0.0
VGP,20101045.0,8.09000930786,4.07,4.045,4.05,0.0,0.0,0.0,0.0,0.0,0.0,0.0,0.0
VGP,20101046.0,8.09000465393,4.07,4.045,4.05,0.0,0.0,0.0,0.0,0.0,0.0,0.0,0.0
VGP,20101047.0,8.09000232697,4.07,4.045,4.05,0.0,0.0,0.0,0.0,0.0,0.0,0.0,0.0
VGP,20101048.0,8.09000116348,4.07,4.045,4.05,0.0,0.0,0.0,0.0,0.0,0.0,0.0,0.0
VGP,20101049.0,8.09000058174,4.07,4.045,4.05,0.0,0.0,0.0,0.0,0.0,0.0,0.0,0.0
VGP,20101050.0,8.09000029087,4.07,4.045,4.05,0.0,0.0,0.0,0.0,0.0,0.0,0.0,0.0
VGP,20101051.0,8.09000014544,4.07,4.045,4.05,0.0,0.0,0.0,0.0,0.0,0.0,0.0,0.0
VGP,20101052.0,8.09000007272,4.07,4.045,4.05,0.0,0.0,0.0,0.0,0.0,0.0,0.0,0.0
VGP,20101053.0,8.09000003636,4.07,4.045,4.05,0.0,0.0,0.0,0.0,0.0,0.0,0.0,0.0
VGP,20101054.0,8.09000001818,4.07,4.045,4.05,0.0,0.0,0.0,0.0,0.0,0.0,0.0,0.0
VGP,20101055.0,8.09000000909,4.07,4.045,4.05,0.0,0.0,0.0,0.0,0.0,0.0,0.0,0.0
VGP,20101056.0,8.09000000454,4.07,4.045,4.05,0.0,0.0,0.0,0.0,0.0,0.0,0.0,0.0
VGP,20101057.0,8.09000000227,4.07,4.045,4.05,0.0,0.0,0.0,0.0,0.0,0.0,0.0,0.0
VGP,20101058.0,8.09000000114,4.07,4.045,4.05,0.0,0.0,0.0,0.0,0.0,0.0,0.0,0.0
VGP,20101059.0,8.09000000057,4.07,4.045,4.05,0.0,0.0,0.0,0.0,0.0,0.0,0.0,0.0
VGP,20101060.0,8.09000000028,4.07,4.045,4.05,0.0,0.0,0.0,0.0,0.0,0.0,0.0,0.0
VGP,20101061.0,8.09000000014,4.07,4.045,4.05,0.0,0.0,0.0,0.0,0.0,0.0,0.0,0.0
VGP,20101062.0,8.09000000007,4.07,4.045,4.05,0.0,0.0,0.0,0.0,0.0,0.0,0.0,0.0
VGP,20101063.0,8.09000000004,4.07,4.045,4.05,0.0,0.0,0.0,0.0,0.0,0.0,0.0,0.0
VGP,20101064.0,8.09000000002,4.07,4.045,4.05,0.0,0.0,0.0,0.0,0.0,0.0,0.0,0.0
VGP,20101065.0,8.09000000001,4.07,4.045,4.05,0.0,0.0,0.0,0.0,0.0,0.0,0.0,0.0
VGP,20101066.0,8.09,4.07,4.045,4.05,0.0,0.0,0.0,0.0,0.0,0.0,0.0,0.0
VGP,20101067.0,8.09,4.07,4.045,4.05,0.0,0.0,0.0,0.0,0.0,0.0,0.0,0.0
VGP,20101068.0,8.09,4.07,4.045,4.05,0.0,0.0,0.0,0.0,0.0,0.0,0.0,0.0
VGP,20101069.0,8.09,4.07,4.045,4.05,0.0,0.0,0.0,0.0,0.0,0.0,0.0,0.0
VGP,20101070.0,8.09,4.07,4.045,4.05,0.0,0.0,0.0,0.0,0.0,0.0,0.0,0.0
VGP,20101071.0,8.09,4.07,4.045,4.05,0.0,0.0,0.0,0.0,0.0,0.0,0.0,0.0
VGP,20101072.0,8.09,4.07,4.045,4.05,0.0,0.0,0.0,0.0,0.0,0.0,0.0,0.0
VGP,20101073.0,8.09,4.07,4.045,4.05,0.0,0.0,0.0,0.0,0.0,0.0,0.0,0.0
VGP,20101074.0,8.09,4.07,4.045,4.05,0.0,0.0,0.0,0.0,0.0,0.0,0.0,0.0
VGP,20101075.0,8.09,4.07,4.045,4.05,0.0,0.0,0.0,0.0,0.0,0.0,0.0,0.0
VGP,20101076.0,8.09,4.07,4.045,4.05,0.0,0.0,0.0,0.0,0.0,0.0,0.0,0.0
VGP,20101077.0,8.09,4.07,4.045,4.05,0.0,0.0,0.0,0.0,0.0,0.0,0.0,0.0
VGP,20101078.0,8.09,4.07,4.045,4.05,0.0,0.0,0.0,0.0,0.0,0.0,0.0,0.0
VGP,20101079.0,8.09,4.07,4.045,4.05,0.0,0.0,0.0,0.0,0.0,0.0,0.0,0.0
VGP,20101080.0,8.09,4.07,4.045,4.05,0.0,0.0,0.0,0.0,0.0,0.0,0.0,0.0
VGP,20101081.0,8.09,4.07,4.045,4.05,0.0,0.0,0.0,0.0,0.0,0.0,0.0,0.0
VGP,20101082.0,8.09,4.07,4.045,4.05,0.0,0.0,0.0,0.0,0.0,0.0,0.0,0.0
VGP,20101083.0,8.09,4.07,4.045,4.05,0.0,0.0,0.0,0.0,0.0,0.0,0.0,0.0
VGP,20101084.0,8.09,4.07,4.045,4.05,0.0,0.0,0.0,0.0,0.0,0.0,0.0,0.0
VGP,20101085.0,8.09,4.07,4.045,4.05,0.0,0.0,0.0,0.0,0.0,0.0,0.0,0.0
VGP,20101086.0,8.09,4.07,4.045,4.05,0.0,0.0,0.0,0.0,0.0,0.0,0.0,0.0
VGP,20101087.0,8.09,4.07,4.045,4.05,0.0,0.0,0.0,0.0,0.0,0.0,0.0,0.0
VGP,20101088.0,8.09,4.07,4.045,4.05,0.0,0.0,0.0,0.0,0.0,0.0,0.0,0.0
VGP,20101089.0,8.09,4.07,4.045,4.05,0.0,0.0,0.0,0.0,0.0,0.0,0.0,0.0
VGP,20101090.0,8.09,4.07,4.045,4.05,0.0,0.0,0.0,0.0,0.0,0.0,0.0,0.0
VGP,20101091.0,8.09,4.07,4.045,4.05,0.0,0.0,0.0,0.0,0.0,0.0,0.0,0.0
VGP,20101092.0,8.09,4.07,4.045,4.05,0.0,0.0,0.0,0.0,0.0,0.0,0.0,0.0
VGP,20101093.0,8.09,4.07,4.045,4.05,0.0,0.0,0.0,0.0,0.0,0.0,0.0,0.0
VGP,20101094.0,8.09,4.07,4.045,4.05,0.0,0.0,0.0,0.0,0.0,0.0,0.0,0.0
VGP,20101095.0,8.09,4.07,4.045,4.05,0.0,0.0,0.0,0.0,0.0,0.0,0.0,0.0
VGP,20101096.0,8.09,4.07,4.045,4.05,0.0,0.0,0.0,0.0,0.0,0.0,0.0,0.0
VGP,20101097.0,8.09,4.07,4.045,4.05,0.0,0.0,0.0,0.0,0.0,0.0,0.0,0.0
VGP,20101098.0,8.09,4.07,4.045,4.05,0.0,0.0,0.0,0.0,0.0,0.0,0.0,0.0
VGP,20101099.0,8.09,4.07,4.045,4.05,0.0,0.0,0.0,0.0,0.0,0.0,0.0,0.0
VGP,20101100.0,8.09,4.07,4.045,4.05,0.0,0.0,0.0,0.0,0.0,0.0,0.0,0.0
VGP,20101101.0,8.09,8.14,8.09,8.1,0.0,0.0,0.0,0.0,0.0,0.0,0.0,0.0
VGP,20101102.0,8.1,8.1,7.87,7.91,0.0,0.0,0.0,0.0,0.0,0.0,0.0,0.0
VGP,20101103.0,7.86,7.86,7.86,7.87,0.0,0.0,0.0,0.0,0.0,0.0,0.0,0.0
VGP,20101104.0,7.96,7.96,7.96,7.96,0.0,0.0,0.0,0.0,0.0,0.0,0.0,0.0
VGP,20101105.0,8.1,8.1,8.1,8.1,0.0,0.0,0.0,0.0,0.0,0.0,0.0,0.0
VGP,20101106.0,8.285,4.235,4.05,4.05,0.0,0.0,0.0,0.0,0.0,0.0,0.0,0.0
VGP,20101107.0,8.3775,4.235,4.05,4.05,0.0,0.0,0.0,0.0,0.0,0.0,0.0,0.0
VGP,20101108.0,8.47,8.47,8.1,8.1,0.0,0.0,0.0,0.0,0.0,0.0,0.0,0.0
VGP,20101109.0,7.64,8.24,7.64,8.24,0.0,0.0,0.0,0.0,0.0,0.0,0.0,0.0
VGP,20101110.0,8.1,8.52,8.1,8.51,0.0,0.0,0.0,0.0,0.0,0.0,0.0,0.0
VGP,20101111.0,8.32,8.32,7.86,7.87,0.0,0.0,0.0,0.0,0.0,0.0,0.0,0.0
VGP,20101112.0,7.92,7.92,7.92,7.91,0.0,0.0,0.0,0.0,0.0,0.0,0.0,0.0
VGP,20101113.0,8.125,4.165,3.725,3.725,0.0,0.0,0.0,0.0,0.0,0.0,0.0,0.0
VGP,20101114.0,8.2275,4.165,3.725,3.725,0.0,0.0,0.0,0.0,0.0,0.0,0.0,0.0
VGP,20101115.0,8.33,8.33,7.45,7.45,0.0,0.0,0.0,0.0,0.0,0.0,0.0,0.0
VGP,20101116.0,8.33,8.33,7.4,7.4,0.0,0.0,0.0,0.0,0.0,0.0,0.0,0.0
VGP,20101117.0,7.91,7.91,7.91,7.91,0.0,0.0,0.0,0.0,0.0,0.0,0.0,0.0
VGP,20101118.0,8.1,8.1,8.1,8.1,0.0,0.0,0.0,0.0,0.0,0.0,0.0,0.0
VGP,20101119.0,8.33,8.33,8.33,8.33,0.0,0.0,0.0,0.0,0.0,0.0,0.0,0.0
VGP,20101120.0,8.05,3.885,3.885,3.885,0.0,0.0,0.0,0.0,0.0,0.0,0.0,0.0
VGP,20101121.0,7.91,3.885,3.885,3.885,0.0,0.0,0.0,0.0,0.0,0.0,0.0,0.0
VGP,20101122.0,7.77,7.77,7.77,7.77,0.0,0.0,0.0,0.0,0.0,0.0,0.0,0.0
VGP,20101123.0,7.515,3.675,3.63,3.68,0.0,0.0,0.0,0.0,0.0,0.0,0.0,0.0
VGP,20101124.0,7.26,7.35,7.26,7.36,0.0,0.0,0.0,0.0,0.0,0.0,0.0,0.0
VGP,20101125.0,7.82,7.82,7.82,7.82,0.0,0.0,0.0,0.0,0.0,0.0,0.0,0.0
VGP,20101126.0,8.1,8.1,7.63,7.63,0.0,0.0,0.0,0.0,0.0,0.0,0.0,0.0
VGP,20101127.0,7.89,3.93,3.605,3.935,0.0,0.0,0.0,0.0,0.0,0.0,0.0,0.0
VGP,20101128.0,7.785,3.93,3.605,3.935,0.0,0.0,0.0,0.0,0.0,0.0,0.0,0.0
VGP,20101129.0,7.68,7.86,7.21,7.87,0.0,0.0,0.0,0.0,0.0,0.0,0.0,0.0
VGP,20101130.0,7.36,7.82,7.31,7.77,0.0,0.0,0.0,0.0,0.0,0.0,0.0,0.0
VGP,20101131.0,7.47,3.79,3.605,3.61,0.0,0.0,0.0,0.0,0.0,0.0,0.0,0.0
VGP,20101132.0,7.525,3.79,3.605,3.61,0.0,0.0,0.0,0.0,0.0,0.0,0.0,0.0
VGP,20101133.0,7.5525,3.79,3.605,3.61,0.0,0.0,0.0,0.0,0.0,0.0,0.0,0.0
VGP,20101134.0,7.56625,3.79,3.605,3.61,0.0,0.0,0.0,0.0,0.0,0.0,0.0,0.0
VGP,20101135.0,7.573125,3.79,3.605,3.61,0.0,0.0,0.0,0.0,0.0,0.0,0.0,0.0
VGP,20101136.0,7.5765625,3.79,3.605,3.61,0.0,0.0,0.0,0.0,0.0,0.0,0.0,0.0
VGP,20101137.0,7.57828125,3.79,3.605,3.61,0.0,0.0,0.0,0.0,0.0,0.0,0.0,0.0
VGP,20101138.0,7.579140625,3.79,3.605,3.61,0.0,0.0,0.0,0.0,0.0,0.0,0.0,0.0
VGP,20101139.0,7.5795703125,3.79,3.605,3.61,0.0,0.0,0.0,0.0,0.0,0.0,0.0,0.0
VGP,20101140.0,7.57978515625,3.79,3.605,3.61,0.0,0.0,0.0,0.0,0.0,0.0,0.0,0.0
VGP,20101141.0,7.57989257812,3.79,3.605,3.61,0.0,0.0,0.0,0.0,0.0,0.0,0.0,0.0
VGP,20101142.0,7.57994628906,3.79,3.605,3.61,0.0,0.0,0.0,0.0,0.0,0.0,0.0,0.0
VGP,20101143.0,7.57997314453,3.79,3.605,3.61,0.0,0.0,0.0,0.0,0.0,0.0,0.0,0.0
VGP,20101144.0,7.57998657227,3.79,3.605,3.61,0.0,0.0,0.0,0.0,0.0,0.0,0.0,0.0
VGP,20101145.0,7.57999328613,3.79,3.605,3.61,0.0,0.0,0.0,0.0,0.0,0.0,0.0,0.0
VGP,20101146.0,7.57999664307,3.79,3.605,3.61,0.0,0.0,0.0,0.0,0.0,0.0,0.0,0.0
VGP,20101147.0,7.57999832153,3.79,3.605,3.61,0.0,0.0,0.0,0.0,0.0,0.0,0.0,0.0
VGP,20101148.0,7.57999916077,3.79,3.605,3.61,0.0,0.0,0.0,0.0,0.0,0.0,0.0,0.0
VGP,20101149.0,7.57999958038,3.79,3.605,3.61,0.0,0.0,0.0,0.0,0.0,0.0,0.0,0.0
VGP,20101150.0,7.57999979019,3.79,3.605,3.61,0.0,0.0,0.0,0.0,0.0,0.0,0.0,0.0
VGP,20101151.0,7.5799998951,3.79,3.605,3.61,0.0,0.0,0.0,0.0,0.0,0.0,0.0,0.0
VGP,20101152.0,7.57999994755,3.79,3.605,3.61,0.0,0.0,0.0,0.0,0.0,0.0,0.0,0.0
VGP,20101153.0,7.57999997377,3.79,3.605,3.61,0.0,0.0,0.0,0.0,0.0,0.0,0.0,0.0
VGP,20101154.0,7.57999998689,3.79,3.605,3.61,0.0,0.0,0.0,0.0,0.0,0.0,0.0,0.0
VGP,20101155.0,7.57999999344,3.79,3.605,3.61,0.0,0.0,0.0,0.0,0.0,0.0,0.0,0.0
VGP,20101156.0,7.57999999672,3.79,3.605,3.61,0.0,0.0,0.0,0.0,0.0,0.0,0.0,0.0
VGP,20101157.0,7.57999999836,3.79,3.605,3.61,0.0,0.0,0.0,0.0,0.0,0.0,0.0,0.0
VGP,20101158.0,7.57999999918,3.79,3.605,3.61,0.0,0.0,0.0,0.0,0.0,0.0,0.0,0.0
VGP,20101159.0,7.57999999959,3.79,3.605,3.61,0.0,0.0,0.0,0.0,0.0,0.0,0.0,0.0
VGP,20101160.0,7.5799999998,3.79,3.605,3.61,0.0,0.0,0.0,0.0,0.0,0.0,0.0,0.0
VGP,20101161.0,7.5799999999,3.79,3.605,3.61,0.0,0.0,0.0,0.0,0.0,0.0,0.0,0.0
VGP,20101162.0,7.57999999995,3.79,3.605,3.61,0.0,0.0,0.0,0.0,0.0,0.0,0.0,0.0
VGP,20101163.0,7.57999999997,3.79,3.605,3.61,0.0,0.0,0.0,0.0,0.0,0.0,0.0,0.0
VGP,20101164.0,7.57999999999,3.79,3.605,3.61,0.0,0.0,0.0,0.0,0.0,0.0,0.0,0.0
VGP,20101165.0,7.57999999999,3.79,3.605,3.61,0.0,0.0,0.0,0.0,0.0,0.0,0.0,0.0
VGP,20101166.0,7.58,3.79,3.605,3.61,0.0,0.0,0.0,0.0,0.0,0.0,0.0,0.0
VGP,20101167.0,7.58,3.79,3.605,3.61,0.0,0.0,0.0,0.0,0.0,0.0,0.0,0.0
VGP,20101168.0,7.58,3.79,3.605,3.61,0.0,0.0,0.0,0.0,0.0,0.0,0.0,0.0
VGP,20101169.0,7.58,3.79,3.605,3.61,0.0,0.0,0.0,0.0,0.0,0.0,0.0,0.0
VGP,20101170.0,7.58,3.79,3.605,3.61,0.0,0.0,0.0,0.0,0.0,0.0,0.0,0.0
VGP,20101171.0,7.58,3.79,3.605,3.61,0.0,0.0,0.0,0.0,0.0,0.0,0.0,0.0
VGP,20101172.0,7.58,3.79,3.605,3.61,0.0,0.0,0.0,0.0,0.0,0.0,0.0,0.0
VGP,20101173.0,7.58,3.79,3.605,3.61,0.0,0.0,0.0,0.0,0.0,0.0,0.0,0.0
VGP,20101174.0,7.58,3.79,3.605,3.61,0.0,0.0,0.0,0.0,0.0,0.0,0.0,0.0
VGP,20101175.0,7.58,3.79,3.605,3.61,0.0,0.0,0.0,0.0,0.0,0.0,0.0,0.0
VGP,20101176.0,7.58,3.79,3.605,3.61,0.0,0.0,0.0,0.0,0.0,0.0,0.0,0.0
VGP,20101177.0,7.58,3.79,3.605,3.61,0.0,0.0,0.0,0.0,0.0,0.0,0.0,0.0
VGP,20101178.0,7.58,3.79,3.605,3.61,0.0,0.0,0.0,0.0,0.0,0.0,0.0,0.0
VGP,20101179.0,7.58,3.79,3.605,3.61,0.0,0.0,0.0,0.0,0.0,0.0,0.0,0.0
VGP,20101180.0,7.58,3.79,3.605,3.61,0.0,0.0,0.0,0.0,0.0,0.0,0.0,0.0
VGP,20101181.0,7.58,3.79,3.605,3.61,0.0,0.0,0.0,0.0,0.0,0.0,0.0,0.0
VGP,20101182.0,7.58,3.79,3.605,3.61,0.0,0.0,0.0,0.0,0.0,0.0,0.0,0.0
VGP,20101183.0,7.58,3.79,3.605,3.61,0.0,0.0,0.0,0.0,0.0,0.0,0.0,0.0
VGP,20101184.0,7.58,3.79,3.605,3.61,0.0,0.0,0.0,0.0,0.0,0.0,0.0,0.0
VGP,20101185.0,7.58,3.79,3.605,3.61,0.0,0.0,0.0,0.0,0.0,0.0,0.0,0.0
VGP,20101186.0,7.58,3.79,3.605,3.61,0.0,0.0,0.0,0.0,0.0,0.0,0.0,0.0
VGP,20101187.0,7.58,3.79,3.605,3.61,0.0,0.0,0.0,0.0,0.0,0.0,0.0,0.0
VGP,20101188.0,7.58,3.79,3.605,3.61,0.0,0.0,0.0,0.0,0.0,0.0,0.0,0.0
VGP,20101189.0,7.58,3.79,3.605,3.61,0.0,0.0,0.0,0.0,0.0,0.0,0.0,0.0
VGP,20101190.0,7.58,3.79,3.605,3.61,0.0,0.0,0.0,0.0,0.0,0.0,0.0,0.0
VGP,20101191.0,7.58,3.79,3.605,3.61,0.0,0.0,0.0,0.0,0.0,0.0,0.0,0.0
VGP,20101192.0,7.58,3.79,3.605,3.61,0.0,0.0,0.0,0.0,0.0,0.0,0.0,0.0
VGP,20101193.0,7.58,3.79,3.605,3.61,0.0,0.0,0.0,0.0,0.0,0.0,0.0,0.0
VGP,20101194.0,7.58,3.79,3.605,3.61,0.0,0.0,0.0,0.0,0.0,0.0,0.0,0.0
VGP,20101195.0,7.58,3.79,3.605,3.61,0.0,0.0,0.0,0.0,0.0,0.0,0.0,0.0
VGP,20101196.0,7.58,3.79,3.605,3.61,0.0,0.0,0.0,0.0,0.0,0.0,0.0,0.0
VGP,20101197.0,7.58,3.79,3.605,3.61,0.0,0.0,0.0,0.0,0.0,0.0,0.0,0.0
VGP,20101198.0,7.58,3.79,3.605,3.61,0.0,0.0,0.0,0.0,0.0,0.0,0.0,0.0
VGP,20101199.0,7.58,3.79,3.605,3.61,0.0,0.0,0.0,0.0,0.0,0.0,0.0,0.0
VGP,20101200.0,7.58,3.79,3.605,3.61,0.0,0.0,0.0,0.0,0.0,0.0,0.0,0.0
VGP,20101201.0,7.58,7.58,7.21,7.22,0.0,0.0,0.0,0.0,0.0,0.0,0.0,0.0
VGP,20101202.0,6.99,7.64,6.99,7.63,0.0,0.0,0.0,0.0,0.0,0.0,0.0,0.0
VGP,20101203.0,7.86,8.05,7.77,8.05,0.0,0.0,0.0,0.0,0.0,0.0,0.0,0.0
VGP,20101204.0,7.885,4.0,3.93,3.955,0.0,0.0,0.0,0.0,0.0,0.0,0.0,0.0
VGP,20101205.0,7.8975,4.0,3.93,3.955,0.0,0.0,0.0,0.0,0.0,0.0,0.0,0.0
VGP,20101206.0,7.91,8.0,7.86,7.91,0.0,0.0,0.0,0.0,0.0,0.0,0.0,0.0
VGP,20101207.0,7.49,7.77,7.49,7.77,0.0,0.0,0.0,0.0,0.0,0.0,0.0,0.0
VGP,20101208.0,7.4,7.4,7.4,7.4,0.0,0.0,0.0,0.0,0.0,0.0,0.0,0.0
VGP,20101209.0,7.21,7.91,7.21,7.87,0.0,0.0,0.0,0.0,0.0,0.0,0.0,0.0
VGP,20101210.0,8.15,8.15,7.68,7.68,0.0,0.0,0.0,0.0,0.0,0.0,0.0,0.0
VGP,20101211.0,8.01,4.07,3.935,3.98,0.0,0.0,0.0,0.0,0.0,0.0,0.0,0.0
VGP,20101212.0,7.94,4.07,3.935,3.98,0.0,0.0,0.0,0.0,0.0,0.0,0.0,0.0
VGP,20101213.0,7.87,8.14,7.87,7.96,0.0,0.0,0.0,0.0,0.0,0.0,0.0,0.0
VGP,20101214.0,7.87,7.87,7.82,7.82,0.0,0.0,0.0,0.0,0.0,0.0,0.0,0.0
VGP,20101215.0,7.87,7.91,7.87,7.87,0.0,0.0,0.0,0.0,0.0,0.0,0.0,0.0
VGP,20101216.0,7.87,7.87,7.64,7.63,0.0,0.0,0.0,0.0,0.0,0.0,0.0,0.0
VGP,20101217.0,7.49,7.49,7.49,7.5,0.0,0.0,0.0,0.0,0.0,0.0,0.0,0.0
VGP,20101218.0,7.565,3.82,3.82,3.815,0.0,0.0,0.0,0.0,0.0,0.0,0.0,0.0
VGP,20101219.0,7.6025,3.82,3.82,3.815,0.0,0.0,0.0,0.0,0.0,0.0,0.0,0.0
VGP,20101220.0,7.64,7.64,7.64,7.63,0.0,0.0,0.0,0.0,0.0,0.0,0.0,0.0
VGP,20101221.0,7.77,8.09,7.77,7.77,0.0,0.0,0.0,0.0,0.0,0.0,0.0,0.0
VGP,20101222.0,7.86,8.32,7.86,8.14,0.0,0.0,0.0,0.0,0.0,0.0,0.0,0.0
VGP,20101223.0,8.32,8.32,7.91,7.91,0.0,0.0,0.0,0.0,0.0,0.0,0.0,0.0
VGP,20101224.0,8.05,8.05,8.05,8.05,0.0,0.0,0.0,0.0,0.0,0.0,0.0,0.0
VGP,20101225.0,8.05,4.025,3.885,3.885,0.0,0.0,0.0,0.0,0.0,0.0,0.0,0.0
VGP,20101226.0,8.05,4.025,3.885,3.885,0.0,0.0,0.0,0.0,0.0,0.0,0.0,0.0
VGP,20101227.0,8.05,8.05,7.77,7.77,0.0,0.0,0.0,0.0,0.0,0.0,0.0,0.0
VGP,20101228.0,7.86,7.86,7.63,7.68,0.0,0.0,0.0,0.0,0.0,0.0,0.0,0.0
VGP,20101229.0,8.19,8.19,7.77,7.87,0.0,0.0,0.0,0.0,0.0,0.0,0.0,0.0
VGP,20101230.0,7.87,7.87,7.87,7.87,0.0,0.0,0.0,0.0,0.0,0.0,0.0,0.0
VGP,20101231.0,8.29,8.33,7.87,8.28,0.0,0.0,0.0,0.0,0.0,0.0,0.0,0.0
